Country Name,Country Code,"Population, total",Population growth (annual %),Surface area (sq. km),Population Density (per sq. km),Poverty headcount ratio at national poverty lines (% of population),"GNI, Atlas method (current US$)","GNI per capita, Atlas method (current US$)","GNI, PPP (current international $)","GNI per capita, PPP (current international $)",Income share held by lowest 20%,"Life expectancy at birth, total (years)","Fertility rate, total (births per woman)","Adolescent fertility rate (births per 1,000 women ages 15-19)","Contraceptive prevalence, any methods (% of women ages 15-49)",Births attended by skilled health staff (% of total),"Mortality rate, under-5 (per 1,000 live births)","Prevalence of underweight, weight for age (% of children under 5)","Immunization, measles (% of children ages 12-23 months)","Primary completion rate, total (% of relevant age group)","School enrollment, secondary (% gross)","School enrollment, primary and secondary (gross), gender parity index (GPI)","Prevalence of HIV, total (% of population ages 15-49)",Forest area (sq. km),"Water productivity, total (constant 2010 US$ GDP per cubic meter of total freshwater withdrawal)",Energy use (kg of oil equivalent per capita),CO2 emissions (metric tons per capita),Electric power consumption (kWh per capita),GDP (current US$),GDP growth (annual %),"Inflation, GDP deflator (annual %)","Agriculture, forestry, and fishing, value added (% of GDP)","Industry (including construction), value added (% of GDP)",Exports of goods and services (% of GDP),Imports of goods and services (% of GDP),Gross capital formation (% of GDP),"Revenue, excluding grants (% of GDP)",Start-up procedures to register a business (number),Market capitalization of listed domestic companies (% of GDP),Military expenditure (% of GDP),Mobile cellular subscriptions (per 100 people),High-technology exports (% of manufactured exports),Merchandise trade (% of GDP),Net barter terms of trade index (2000 = 100),"External debt stocks, total (DOD, current US$)",Total debt service (% of GNI),Net migration,"Personal remittances, paid (current US$)","Foreign direct investment, net inflows (BoP, current US$)",Net ODA received per capita (current US$),GDP per capita (current US$),"Foreign direct investment, net (BoP, current US$)","Inflation, consumer prices (annual %)"
Afghanistan,AFG,33736494,2.943234185,652860,51.67492877,..,20259549882,600,65573681036,1940,..,63.288,4.802,73.1264,22.5,50.5,73.1,..,62,..,53.93027115,0.651989996,..,13500,..,..,..,..,19215562179,1.310040404,2.432017315,20.54696588,22.03047123,7.002116918,48.80161503,19.36944925,10.08822738,3,..,0.993454695,58.42052823,..,43.16433692,152.3432121,2487497000,0.230145863,..,150409839.2,169146608,125.5995955,569.5779229,-170481690.3,-0.70603602
Albania,ALB,2880703,-0.291205787,28750,100.1983652,..,12636494149,4390,33039219274,11470,..,78.174,1.714,20.6922,..,..,9.4,..,97,104.4681931,95.75414276,0.942780018,0.1,7715,..,..,..,..,11386931490,2.218752054,0.563992596,19.78021824,21.76365481,27.26738418,44.53363192,24.41346239,24.7381502,5,..,1.167601287,116.3375126,1.487346477,54.8877984,92.29086879,8350309000,7.938475372,..,153258443.5,989278987.8,115.7981229,3952.830781,-910000290,1.910016978
Algeria,DZA,39871528,1.919959024,2381740,16.740504,..,1.93E+11,4830,5.67E+11,14220,..,75.86,2.839,10.7052,..,..,24.9,..,95,105.4364166,..,..,0.1,19560,..,..,..,..,1.66E+11,3.763466958,-6.571977498,11.58603316,35.66027007,23.18643876,36.54645865,50.68896349,..,12,..,6.274210027,108.4173223,0.151223545,52.06953936,98.33655016,4671372000,0.428122482,..,72128990.59,-537792920.9,2.194297645,4160.220067,498934428.1,4.784447007
American Samoa,ASM,55537,0.180222443,200,277.685,..,..,..,..,..,..,..,..,..,..,..,..,..,..,..,..,..,..,175.4,..,..,..,..,659000000,1.248049922,1.224997424,..,..,64.79514416,99.69650986,..,..,..,..,..,..,..,101.6691958,158.1249663,..,..,..,..,..,..,11865.96323,..,..
Andorra,AND,78014,-1.537836294,470,165.987234,..,..,..,..,..,..,..,..,..,..,..,3.5,..,96,..,..,..,..,160,..,..,..,..,2811489409,0.842203518,-0.455465515,0.470194705,9.783363312,..,..,..,..,..,..,..,91.43999795,..,..,103.0976999,..,..,..,..,..,..,36038.2676,..,..
Angola,AGO,27859305,3.42802067,1246700,22.3464386,..,1.12E+11,4030,1.74E+11,6250,..,61.241,5.766,157.3554,..,..,88.9,..,51,..,..,..,1.9,578560,..,..,..,..,1.03E+11,2.999747493,-3.98089849,..,..,33.44838298,36.8784513,9.552329316,21.25999881,8,..,3.133749619,49.83804154,..,52.49759222,148.8227782,27991041000,5.591253697,..,1252909012,9282167512,13.64212065,3683.552607,-8235471071,10.27804607
Antigua and Barbuda,ATG,99923,1.05434633,440,227.0977273,..,1284191272,12850,2095462734,20970,..,76.207,2.063,45.813,..,..,8,..,91,76.87277222,93.61405182,0.976769984,..,98,..,..,..,..,1364863037,4.060218963,2.458768302,1.674554131,16.11855668,44.12117108,49.11952636,..,..,9,..,..,176.1356244,..,38.58929244,57.99384855,..,..,..,28921024.66,96267801.07,14.91148184,13659.14791,-95640974.63,0.968993459
Argentina,ARG,43417765,1.00985496,2780400,15.61565422,..,5.34E+11,12300,8.52E+11,19630,..,76.415,2.308,63.2644,..,99.6,11.4,..,89,101.4801865,107.0750275,1.02662003,0.4,271120,..,..,..,..,5.95E+11,2.731159828,26.5799916,5.156685902,23.15305614,10.70565205,11.78057404,17.07070488,22.1490803,13,9.438368633,0.86472284,142.4348098,9.008199853,19.67030526,146.9251721,1.73E+11,3.107878434,..,685001365.9,11758994011,-0.434614725,13698.29344,-10883760784,..
Armenia,ARM,2916950,0.368528212,29740,98.08170814,29.8,11754066439,4030,26526222994,9090,8.2,74.445,1.622,24.785,..,..,14,..,97,94.36654663,86.03761292,1.037870049,0.2,3320,3.508264237,..,..,..,10553337673,3.200000002,1.213909902,17.22312003,25.70869944,29.72799648,41.86526887,20.73053013,23.09249267,4,..,4.239225803,118.7709765,5.274277394,44.7685097,118.6091567,8928447000,14.15177845,..,363788468.8,178295867.1,119.1244279,3617.935746,-161524903.9,3.731691193
Aruba,ABW,104341,0.524658159,180,579.6722222,..,..,..,..,..,..,75.725,1.801,24.261,..,..,..,..,..,..,..,..,..,4.2,..,..,..,..,..,..,..,..,..,..,..,..,..,..,..,..,135.13384,4.694767742,..,99.23053139,..,..,..,74978013.41,-28775856.42,..,..,39290644.13,0.475066611
Australia,AUS,23850784,1.464059816,7741220,3.081011003,..,1.44E+12,60360,1.08E+12,45270,..,82.4,1.809,13.6616,..,99.7,3.8,..,95,..,158.1471863,0.925260007,0.1,1247510,78.29382452,5475.81765,..,..,1.35E+12,2.351136441,-0.728029657,2.372696749,23.54903528,20.01296407,21.53442325,26.1433301,24.50925248,3,87.99507085,1.958451254,108.2793309,13.51306446,29.39094816,148.3021277,..,..,..,6013698633,37419460118,..,56561.41238,-37718475836,1.508366722
Austria,AUT,8642699,1.120992502,83879,103.0376972,..,4.12E+11,47630,4.28E+11,49520,7.9,81.1902439,1.49,7.522,..,98.5,3.7,..,96,100.1809998,100.1279678,0.973330021,0.1,38690,..,3800.29942,..,..,3.82E+11,1.091854232,2.314823496,1.111554694,25.02728574,52.93149063,49.20451979,23.57060083,45.07115772,8,25.14732992,0.707098642,155.2155247,13.35296768,80.86220401,89.84064892,..,..,..,4342594631,-8577282615,..,44206.78428,6361435808,0.896565316
Azerbaijan,AZE,9649341,1.191209858,86600,111.424261,..,63236286883,6550,1.65E+11,17100,..,71.921,1.94,51.7,..,99.8,26.4,..,98,103.2802124,..,..,0.1,11394,..,..,..,..,53074370486,1.099999809,-8.855123624,6.2,45,37.79477749,34.80673042,27.91357117,34.18370725,4,..,5.467692081,111.2258882,2.533869681,48.62799081,114.5609143,13216189000,2.165866052,..,1293019000,4047630000,7.215000486,5500.310382,-838252000,4.009438315
"Bahamas, The",BHS,386838,1.214308159,13880,27.87017291,..,10798735842,27920,11471609124,29650,..,75.527,1.778,29.1548,..,..,8,..,94,..,..,..,2,5150,..,..,..,..,11792300000,1.044959524,6.507529872,0.818330606,11.1267522,34.98130136,38.70576563,24.69408004,14.39336686,8,..,..,80.44064957,..,29.46414186,80.59779237,..,..,..,178800140.7,76075924.75,..,30483.8201,-76075924.75,1.86826447
Bahrain,BHR,1371855,2.618665193,771,..,..,31086070126,22660,60590568956,44170,..,76.761,2.056,13.618,..,99.7,7.6,..,99,98.7109375,102.1275177,1.004480004,0.1,6,..,..,..,..,31125851064,2.861967825,-9.368381023,0.315466039,40.29847941,82.4167843,71.65060855,26.52409744,..,7,61.84913614,4.632877365,183.6239982,0.952440783,87.19690897,125.8277569,..,..,..,2367287234,64893617.02,..,22688.87824,-3126063830,1.839519875
Bangladesh,BGD,161200886,1.120144259,147630,1091.924988,..,1.91E+11,1190,5.73E+11,3550,..,72.155,2.133,85.3076,..,..,36.4,..,94,98.07203674,63.41524887,1.101279974,0.1,14290,..,..,..,..,1.95E+11,6.552633316,5.872776577,14.78299741,26.83139001,17.33667493,24.74932415,28.88669115,9.844484788,9,..,1.350969906,81.49814015,0.298561387,38.15175775,67.58546718,38688480000,0.799882792,..,32102746.72,2831152765,15.94364686,1210.158769,-2771250741,6.19428023
Barbados,BRB,284217,0.293163377,430,660.9697674,..,4351719701,15310,4749698305,16710,..,75.755,1.796,41.1162,..,99,13.1,..,96,..,108.5445709,1.018710017,1.5,63,..,..,..,..,4584150000,0.9,-1.412421927,1.344851281,13.86625656,35.22790485,43.77256416,17.33909231,27.47666345,8,..,..,117.7945021,18.34739621,45.83211719,120.4177517,..,..,..,..,69489165.77,..,16129.04928,..,-1.112789925
Belarus,BLR,9489616,0.159300802,207600,45.71105973,5.1,63736552644,6720,1.67E+11,17550,9.5,73.62439024,1.724,18.7992,..,..,4.1,..,99,96.75592804,104.8267365,0.991770029,0.4,86335,..,..,..,..,56454734397,-3.829569366,16.02249234,6.283207583,32.69230577,58.01076657,57.90405963,29.03469599,29.67688509,5,..,1.325167063,120.688975,4.314920044,100.8806447,98.80975168,37934720000,9.901795294,..,162300000,1652300000,11.020467,5949.106307,-1545700000,13.53448976
Belgium,BEL,11274196,0.579446242,30530,369.2825418,..,4.99E+11,44230,5.11E+11,45330,8.6,80.99268293,1.7,5.3384,..,..,4,..,96,..,163.9305267,1.080549955,..,6834,..,4687.787049,..,..,4.55E+11,1.426956809,1.114787241,0.683393839,19.85685752,80.79436399,79.43496133,23.57775771,40.69494663,3,91.10337069,0.923589935,113.1658212,13.02287353,169.6685193,95.63680229,..,..,..,3759800059,-29117751602,..,40361.15419,15983764040,0.561429153
Belize,BLZ,359288,2.136281595,22970,15.6416195,..,1644345666,4580,2942676427,8190,..,70.192,2.544,65.9792,51.4,..,15.6,4.6,96,104.4042816,80.7973938,0.98032999,1.8,13663,..,..,..,..,1778567600,3.794991955,0.562685487,12.57330056,14.16828913,57.24902163,66.32536486,22.47396163,..,9,..,1.13153855,58.99055911,..,85.97710877,93.40222887,1330547000,5.636201306,..,41161360.53,59119223.9,78.68339605,4950.256062,-58649340.13,-0.861593811
Benin,BEN,10575952,2.772977926,114760,92.15712792,40.1,9160292815,870,22306140125,2110,3.2,60.639,5.048,90.2036,..,..,103.7,..,74,81.14125824,58.84737015,0.859269977,1,43110,..,..,..,..,8291155881,2.095808383,0.075747138,22.49276072,20.64317468,28.22097149,39.7977079,25.97169542,..,8,..,1.074734767,88.1051181,0.940595798,51.17145429,112.336445,2189758000,0.914640198,..,98142621.91,149642289.7,40.67151591,783.9630778,-116967795.5,0.273667816
Bermuda,BMU,65239,0.153517862,50,..,..,..,..,..,..,..,81.01219512,1.62,..,..,..,..,..,..,81.19551849,71.5424118,1.044589996,..,10,..,..,..,..,..,..,..,..,..,..,..,..,..,..,..,..,61.28735706,26.8315905,..,100.4004774,..,..,..,186973109.8,-143094386.1,..,..,58627864.43,..
Bhutan,BTN,787386,1.398892513,38394,20.50804813,..,1844513838,2340,5917365493,7520,..,69.817,2.086,23.8214,..,89,33.4,..,97,..,82.9149704,1.034119964,..,27549.3,..,..,..,..,2059258653,6.597448486,3.647474142,16.74089014,41.34637232,33.22427135,61.73077323,53.97221475,19.0345739,8,..,..,85.82156655,..,78.16983057,116.2010752,2013104000,6.872107463,..,54958721.17,6450953.85,123.5480438,2615.31022,-10768411.29,4.548143951
Bolivia,BOL,10724705,1.527225047,1098580,9.762334104,38.6,32208420025,3000,72044638301,6720,3.9,68.756,2.921,69.9186,..,..,37.5,..,95,90.46405029,86.40500641,0.977419972,0.3,547640,..,..,..,..,33000198263,4.857187895,-4.620602784,10.23949424,25.20241623,30.86829588,37.06454906,20.28127665,..,14,..,1.743970952,94.76091883,6.459543487,54.24612561,94.85392323,9913846000,3.060803574,..,210175743.5,554643532.3,73.78384767,3077.026199,-556430243.1,4.060963726
Bosnia and Herzegovina,BIH,3535961,-0.845996499,51210,69.04825229,16.9,17865081902,5050,41017189101,11600,7.7,76.735,1.345,10.8342,..,99.9,6,..,83,..,..,..,..,21850,..,..,..,..,16209702864,3.07674732,1.366440508,6.238864449,22.54002869,34.57786452,53.23088437,18.65574498,38.59324069,12,..,0.971696791,97.38568949,2.818924468,86.89325222,102.9737674,12867426000,10.75376472,..,55544289.46,383089615.7,100.4055192,4584.242548,-276174579.8,-1.023285045
Botswana,BWA,2209197,1.855975354,581730,3.797632922,..,14747102303,6680,35552385773,16090,..,65.846,2.774,33.4544,..,99.7,40.6,..,97,..,..,..,23.1,108400,..,..,..,..,14420551446,-1.697930592,1.864951505,2.200729123,29.98051892,52.1840157,53.50739187,32.07854282,33.14095428,9,..,2.662869697,157.3117744,0.632127018,94.11099116,89.84326081,2221726000,1.740031825,..,78532495.62,679446475.9,29.66688801,6527.508161,-494257591.3,3.062031696
Brazil,BRA,205962108,0.852799206,8515770,24.18596416,8.7,2.08E+12,10100,3.16E+12,15330,3.6,75.284,1.74,63.7578,..,99.1,15.7,..,96,..,99.65097046,1.017940044,0.6,4935380,..,..,..,..,1.80E+12,-3.549767247,7.570640312,4.319149429,19.3597938,12.90019142,14.05343452,17.41162586,28.97961461,11,27.2184107,1.364428607,125.1755852,12.30504082,20.5284402,108.3833114,5.43E+11,5.091079247,..,1339086890,74718044774,4.870556093,8750.222996,-61199691119,9.029807186
British Virgin Islands,VGB,30113,1.758809848,150,200.7533333,..,..,..,..,..,..,..,..,..,..,..,..,..,..,88.14968872,98.73355865,..,..,36.2,..,..,..,..,..,..,..,..,..,..,..,..,..,..,..,..,189.9345797,..,..,54.33274014,..,..,..,..,25680110000,..,..,..,..
Brunei Darussalam,BRN,417542,1.408049349,5770,72.36429809,..,16111237318,38590,34838050413,83440,..,77.046,1.884,11.6092,..,100,10.5,..,96,102.0652466,95.83003998,0.998889983,..,3800,..,..,..,..,12930394938,-0.566814609,-17.46827523,1.102486219,61.36235797,52.21059737,32.68646642,35.24580943,..,7,..,3.279291821,110.9790153,17.93470383,74.10244657,141.3202973,..,..,..,..,171289167.8,..,30967.89051,-171289167.8,-0.415121926
Bulgaria,BGR,7177991,-0.638069468,111000,64.66658559,22.9,53693625140,7480,1.27E+11,17750,..,74.61463415,1.53,41.0864,..,99.8,8.3,..,92,97.51863861,102.3444977,0.975229979,0.1,38230,9.706702438,..,..,..,50199104511,3.617459615,2.205825957,4.136738424,24.08805448,64.1072029,63.95946768,21.18982108,34.17045476,7,..,1.316453524,128.1054159,7.648513048,108.7952672,128.3793654,40115311000,19.24039521,..,150830000,2706690000,..,6993.475544,-2605410000,-0.104633261
Burkina Faso,BFA,18110624,2.939690431,274220,66.04413974,..,11297252240,620,29482601311,1630,..,59.927,5.436,108.7606,20.8,79.8,88.4,..,88,62.02993011,33.71878815,0.960349977,0.8,53500,..,..,..,..,10419303761,3.894548057,-3.073429795,30.27166607,18.9962275,26.04696282,36.28741425,24.32829122,17.00034372,3,..,1.33034916,79.77028842,4.982162836,50.44874923,130.6195846,2622005000,1.123317198,..,180630965.8,231726245.4,55.05000822,575.3144542,-217631986.6,0.954993317
Burundi,BDI,10199270,3.061102894,27830,366.4847287,..,2871817110,280,8123987509,800,..,57.094,5.781,28.0212,..,..,67.1,..,93,66.42690277,45.10604858,0.979210019,1.1,2760,..,..,..,..,3066681387,-3.921142751,4.856888773,37.07412419,15.09783033,6.25261841,29.74058332,16.57762035,..,3,..,2.33428347,49.00052651,3.49174225,27.49185356,145.0603239,625980000,0.848480195,..,21041437.16,49622865.77,35.93786614,300.6765569,-49470693.08,5.544688913
Cabo Verde,CPV,532913,1.222651753,4030,132.2364764,35,1685520840,3160,3232374316,6070,..,72.599,2.374,75.7158,..,91.4,19.7,..,92,89.09741211,85.28826141,1.010740042,0.6,899,..,..,..,..,1596154666,1.006863728,1.736266113,8.743695985,18.11510706,44.90744233,59.15864666,30.18659418,..,8,..,0.566746281,114.74068,..,42.03113984,109.65213,1540491000,2.752582028,..,14207581.32,96071472.84,286.7635055,2995.150553,-111989153.5,0.131187999
Cambodia,KHM,15517635,1.60352658,181040,85.71384777,..,16465389428,1060,51050595868,3290,..,68.62,2.594,49.6326,..,..,32,..,84,95.53391266,..,..,0.6,94570,..,..,..,..,18049954289,7.036087179,1.719270692,26.58036001,27.67957211,61.71842376,66.14564324,22.4529982,15.93599605,8,..,2.112689484,134.3667576,0.759983541,113.0953723,75.20794535,9327818000,4.476604808,..,251464151.5,1700968602,43.75924553,1163.18977,-1653507625,1.221270061
Cameroon,CMR,22834522,2.638536081,475440,48.02818863,..,33514546891,1470,78846068629,3450,..,57.582,4.778,111.8636,..,..,90.1,..,79,76.22255707,60.69432831,0.884859979,3.9,188160,..,..,..,..,30916218544,5.651463744,0.1791471,14.77247235,25.18184745,22.25966622,27.60954078,22.39604838,..,7,..,1.245103441,79.53162759,3.709264803,33.08992536,141.073257,6611936000,1.421768969,..,75550229.9,693811395.4,29.0384883,1353.92449,-638036057.9,2.676235314
Canada,CAN,35832513,0.832774622,9984670,3.588752858,..,1.70E+12,47460,1.58E+12,43960,..,82.12902439,1.6,10.1748,..,..,5.3,..,90,..,110.8872223,1.008069992,..,3470690,..,7603.739263,..,..,1.56E+12,1.000882494,-0.755602608,..,..,31.52797293,33.9997624,24.0576146,17.73788405,2,102.1656451,1.155909488,82.79621957,13.83881697,53.79149069,107.9987507,..,..,..,5112912771,61642188666,..,43525.37019,22593720828,1.125241361
Cayman Islands,CYM,59963,1.327924831,264,227.1325758,..,..,..,..,..,..,..,..,..,..,..,..,..,..,..,..,..,..,127,..,..,..,..,..,..,..,..,..,..,..,..,..,..,..,..,155.5025599,..,..,64.74723613,..,..,..,..,52430528000,..,..,..,-2.347527702
Central African Republic,CAF,4546100,0.677771774,622980,7.297345019,..,1638326392,360,3022247141,660,..,51.41,4.94,107.7732,..,..,130.2,..,49,..,..,..,4.2,221700,..,..,..,..,1583776806,4.799886081,6.16227331,39.99805339,15.51485293,12.61192275,34.57869944,13.9226946,..,10,..,1.590637871,27.330987,..,27.26521196,76.81490793,661851000,1.120606647,..,..,3000000,107.0653967,348.3814271,..,37.14221481
Chad,TCD,14009413,3.190940272,1284000,10.91075779,..,12420642861,890,29905962189,2130,..,52.575,6.05,167.942,5.7,20.2,130.8,28.8,46,..,22.52219963,0.704840004,1.4,48750,..,..,..,..,10985793715,2.767675685,-8.147211923,50.21298666,13.60266951,29.8930571,36.42992884,28.35604455,..,9,..,2.02944821,39.01517501,..,53.70572353,126.2175594,1617003000,0.45472071,..,..,559443536.8,43.30302776,784.1723072,..,3.669900434
Channel Islands,CHI,163758,0.482972961,190,861.8842105,..,..,..,..,..,..,80.958,1.472,7.3012,..,..,..,..,..,..,..,..,..,8,..,..,..,..,..,..,..,..,..,..,..,..,..,..,..,..,..,..,..,..,..,..,..,..,..,..,..,..,..
Chile,CHL,17762681,0.841711121,756096,23.4926266,11.7,2.54E+11,14270,3.92E+11,22060,4.8,79.315,1.785,47.526,..,99.7,7.9,..,96,93.7303009,99.88741302,0.991100013,0.5,177350,..,2028.886011,..,..,2.44E+11,2.305257138,4.96949871,3.760876024,29.67373799,29.36666904,29.58617478,23.78035771,21.01213884,7,78.01328174,1.909455988,130.64668,6.095976381,51.09838027,187.1544699,..,..,..,386476769,21050769695,3.058659895,13736.63569,-5025946514,4.348867283
China,CHN,1371220000,0.508136747,9562911,143.3893926,5.7,1.09E+13,7950,1.97E+13,14400,0,76.092,1.617,6.5968,..,99.9,10.8,..,99,..,..,1.013380051,..,2083213,14.99209152,..,..,..,1.11E+13,6.900204817,0.093333428,8.832724007,40.93163605,21.34807161,18.10499392,45.40088041,16.03850912,9,74.00150272,1.934922427,92.48087287,25.64819362,35.72664461,93.03458303,1.33E+12,1.146870086,..,20421778043,2.42E+11,-0.242317061,8069.213024,-68098649765,1.437024514
Colombia,COL,48228697,0.90978181,1141749,42.24106787,27.8,3.44E+11,7130,6.54E+11,13560,3.8,74.2,1.874,51.537,81,95.9,15.7,..,94,100.466423,98.09190369,1.019449949,0.5,585017.4,..,..,..,..,2.92E+11,3.052016573,2.453469416,6.042071181,30.53851312,15.24861381,23.37285065,26.72047961,23.10389482,9,29.48530819,3.124883717,118.8658902,9.489813759,30.89550741,110.3497222,1.11E+11,4.879206632,..,333683053.2,11723216758,28.1131377,6044.525556,-7517989279,4.989829057
Comoros,COM,777424,2.347699491,1861,417.7452982,..,612558781.6,790,1177765165,1510,..,63.473,4.42,68.989,..,..,73.2,..,90,..,..,..,0.1,370,..,..,..,..,565689764.6,1.015118459,3.426132809,33.58358966,10.76224169,17.7904167,47.2851598,18.39999998,..,9,..,..,54.64019634,..,40.74998209,145.2930305,133679000,1.263475367,..,..,5146839.506,84.61277244,727.6463868,..,..
"Congo, Dem. Rep.",COD,76196619,3.300416414,2344860,32.49516773,..,34874238325,460,61065792438,800,..,59.205,6.202,126.2696,..,..,97.6,..,79,69.95410156,46.19419098,0.889490008,0.8,1525780,..,..,..,..,37917704900,6.91618781,-1.155897722,18.3703885,41.7048639,27.7255678,31.60686316,19.56562962,..,7,..,1.278151274,49.54653172,..,31.91121412,111.1213744,5388168000,1.107508403,..,851177411,1265374484,34.10964993,497.6297557,-1165720010,0.744198995
"Congo, Rep.",COG,4995648,2.524714384,342000,14.60715789,..,11723289157,2350,29184954888,5840,..,64.112,4.721,116.3622,30.1,91.2,51.3,12.3,80,..,..,..,3.2,223340,..,..,..,..,8553154580,2.646485877,-29.69106658,7.243495885,54.67437765,69.27556739,96.37029556,40.87290974,..,11,..,..,104.4108792,..,116.8154393,144.4331015,4060193000,2.673412616,..,67643982.27,4278118365,17.77547177,1712.121146,-3727584117,4.514036066
Costa Rica,CRI,4807852,1.051233008,51100,94.08712329,21.7,50473105578,10500,72224039225,15020,4.3,79.634,1.8,55.701,..,90,9.4,..,93,99.46630859,123.0860596,1.016729951,0.4,27560,..,..,..,..,54775972989,3.631690989,3.776914533,4.956676892,19.42181442,30.82495257,31.69336836,18.43278156,24.17063054,9,..,0,156.7352531,16.83027242,46.90884086,61.88901528,23588779000,5.278048459,..,407784045.2,2955521681,23.14963106,11393.02395,-2541308964,0.80208056
Cote d'Ivoire,CIV,23108472,2.529163078,322460,71.66306519,46.3,34508761424,1490,77343489686,3350,5.7,53.053,4.976,134.061,..,..,94.9,..,69,62.1322403,43.28860092,0.825030029,2.9,104010,..,..,..,..,33145096414,8.842865442,3.106147122,22.73562326,25.77787082,35.4063797,25.84274835,20.10381936,16.81425459,4,..,1.776009024,109.9493294,4.787353021,64.15036056,172.8617298,11362991000,2.514389348,..,649507954.8,494209964.3,28.26063099,1434.326615,-479807382.4,1.251499548
Croatia,HRV,4203604,-0.824099164,56590,74.28174589,19.5,54435193353,12950,94901071087,22580,7.3,77.27560976,1.4,9.8238,..,99.9,4.8,..,93,100.5362778,98.23200989,1.033849955,..,19220,..,..,..,..,49425513611,2.347349627,-0.019753075,3.523578907,22.34185648,48.22707217,45.85553283,20.00915622,..,8,37.25701294,1.540303492,104.2408716,8.980481306,67.85377824,73.82152182,..,..,..,275480854.1,158968737.6,..,11757.89004,-175731670.2,-0.50390772
Cuba,CUB,11461432,0.189204124,109880,104.3086276,..,..,..,..,..,..,79.57,1.72,46.4086,..,99.9,5.6,..,99,99.3397522,100.3902206,0.991240025,0.4,32000,..,..,..,..,87132800000,4.438333589,3.439048763,3.835754159,22.35380936,17.14738881,14.45058577,9.372589886,..,..,..,3.083791445,29.10060453,..,17.27478056,164.1670931,..,..,..,..,..,48.22521304,7602.261218,..,..
Curacao,CUW,157980,1.319593903,444,355.8108108,..,..,..,..,..,..,..,1.9,32.8964,..,..,..,..,..,..,..,..,..,..,..,..,..,..,..,..,..,..,..,..,..,..,..,..,..,..,120.5550282,..,..,..,..,..,..,130206703.9,146435754.2,..,..,-127804469.3,-0.47654205
Cyprus,CYP,1160985,0.750102726,9250,125.5118919,..,22216909747,26210,26892224920,31730,7.9,80.344,1.35,4.8136,..,..,2.9,..,90,96.81906128,99.77831268,0.996190012,0.1,1727,..,..,..,..,19676167240,1.97906359,-1.182622429,1.84872055,9.750309999,64.52429264,63.72111374,14.21993011,37.90384399,6,13.68355924,1.676343184,131.7901791,6.150921929,52.43634227,60.66147076,..,..,..,677449037.3,8106710246,..,23212.2247,9280975832,-2.096997691
Czech Republic,CZE,10546059,0.196588748,78870,133.7144542,..,1.93E+11,18250,3.29E+11,31210,9.7,78.57804878,1.57,10.4158,..,..,3.1,..,99,96.03790283,105.0474625,1.007159948,0.1,26670,..,3860.002964,..,..,1.87E+11,5.309238519,1.16589854,2.227911979,33.99185732,81.04930107,75.05056266,27.95578033,31.18365249,8,..,0.952677705,117.4543054,14.90433569,160.2491332,104.3625534,..,..,..,1376392339,1699914617,..,17715.61685,2026234172,0.309364548
Denmark,DNK,5683483,0.70642385,42922,132.4142165,..,3.42E+11,60170,2.85E+11,50190,9.4,80.70243902,1.71,4.2482,..,95.4,4.2,..,91,98.74250793,130.258606,1.018409967,0.1,6122,..,2816.614565,..,..,3.01E+11,1.606608994,0.701115894,0.802867928,19.67236082,55.67557328,48.38336191,19.96903964,39.55437993,5,..,1.116482033,124.4441651,15.9628968,60.10906139,101.8425882,..,..,..,2781262009,1850770715,..,53012.99658,5406579387,0.452034154
Djibouti,DJI,927414,1.658026934,23200,39.97474138,..,1609541622,1740,..,..,..,62.26,2.913,19.9894,..,..,65.7,..,74,60.26676941,43.29436874,0.845109999,1.4,56,..,..,..,..,1633741923,9.683798116,2.36831413,1.776889864,16.78238699,38.67626515,68.8404821,44.66232719,..,7,..,..,33.89532614,..,74.30378146,94.38540848,1233236000,2.711913827,..,12097681.75,123998424.5,182.8309687,1761.610158,-123998424.5,-0.847389734
Dominica,DMA,73162,0.526244876,750,97.54933333,..,494399106.1,6760,749319274.2,10240,..,..,..,..,..,96,31.2,..,96,111.1111069,100.4878922,0.982050002,..,433.3,..,..,..,..,535095851.9,-2.543734679,4.84969365,14.20335208,11.34252444,50.06174733,58.80643191,..,..,5,..,..,105.5930674,..,45.62098532,109.3827665,314211000,4.494985503,..,24805920.92,10935384.62,160.0557667,7313.849428,-22726821.66,-0.786447746
Dominican Republic,DOM,10528394,1.170822649,48670,216.3220464,32.3,65784971246,6250,1.42E+11,13490,5.1,73.673,2.451,97.2322,..,99.6,31.6,..,90,94.2195282,77.82084656,0.986829996,1,19830,..,..,..,..,68802092021,7.033371069,0.640803048,5.602784823,25.66428834,24.5165951,29.421323,22.57696166,18.17954639,7,..,0.672525002,83.55734977,3.830713713,38.2957832,102.8018751,26657050000,8.032672122,..,585000000,2227300000,26.59095015,6534.908555,-2204900000,0.826638478
Ecuador,ECU,16144368,1.505644485,256370,62.97292195,23.3,96829951402,6000,1.82E+11,11250,4.6,76.102,2.514,75.2802,..,95,15.1,..,84,115.7195282,107.7003937,1.019850016,0.3,125478.8,..,..,..,..,99290381000,0.098872608,-2.491020758,9.454851422,31.87212767,21.25822138,23.98565577,26.87009832,..,12,..,2.575061387,80.17527227,7.169197661,40.13337203,118.9707819,27257426000,5.138593201,..,291533662.2,1322465337,19.7071821,6150.155955,-1322477337,3.968084691
"Egypt, Arab Rep.",EGY,93778172,2.118294825,1001450,93.64239053,27.8,3.10E+11,3310,9.91E+11,10570,9.1,71.304,3.311,51.8828,..,..,23.7,..,92,..,..,..,0.1,730,..,..,..,..,3.33E+11,4.372019078,9.93088973,11.39408323,36.63020173,13.18384549,21.66209747,14.28863701,20.98862474,8,16.58917793,1.554923753,100.2537691,0.783244919,25.52554855,144.5213089,48459014000,1.156232127,..,622700000,6925200000,26.65257753,3547.713012,-6743500000,10.36206974
El Salvador,SLV,6312478,0.496901568,21040,300.0227186,34.9,24512738747,3880,50842515809,8050,6.1,73.267,2.101,71.0814,..,99.9,15.5,..,95,96.72319031,75.67807007,0.978420019,0.6,2650,..,..,..,..,23166030400,2.377628955,0.186749049,5.813706866,24.37875287,28.99953028,47.11907829,15.62823944,21.05962775,9,..,0.951929889,147.867953,4.38507398,68.21380153,60.09348445,14913049000,4.866909626,..,74340145.28,494541718.1,14.20995051,3669.878992,-396350024,-0.73063367
Equatorial Guinea,GNQ,1175389,3.989138838,28050,41.90335116,..,12671331018,10780,26011945495,22130,..,57.434,4.775,160.0836,..,..,96,..,27,40.59571838,..,..,6.5,15680,..,..,..,..,13180194733,-9.089058793,-20.21117423,1.888390976,59.10059042,56.65847684,42.2195876,24.70145422,26.70721228,18,..,..,45.37527576,..,75.87141315,141.1334697,..,..,..,..,233242320.5,6.372358428,11213.47463,..,1.676630853
Eritrea,ERI,..,..,117600,..,..,..,..,..,..,..,64.636,4.208,55.3706,..,..,46.1,..,97,42.53964996,33.14200974,0.855799973,0.6,15100,..,..,..,..,..,..,..,..,..,..,..,..,..,13,..,..,9.799924737,..,..,88.97458359,873145000,..,..,..,49323061.48,..,..,..,..
Estonia,EST,1315407,0.06555253,45230,29.08262215,..,24177314113,18380,36944627848,28090,7.5,77.5902439,1.58,14.0274,..,99.5,3.1,..,93,98.59751892,110.8597336,0.998870015,0.6,22320,..,4173.326583,..,..,22566956982,1.674286623,1.246192558,2.714448941,24.02348492,78.60628123,74.60395153,24.9411356,2.306262145,3,..,2.054286335,144.7209464,11.39249242,121.2851448,86.80579518,..,..,..,93647844.57,-714370930.3,..,17155.87418,136864862.9,-0.492326007
Ethiopia,ETH,99873033,2.541468619,1104300,90.44012768,23.5,60033906069,600,1.62E+11,1630,6.6,65.037,4.317,67.2518,37.9,..,64.2,..,65,54.28184891,35.09978867,0.920340002,1,124990,..,..,..,..,64464547915,10.39246302,10.83654278,36.05697539,16.29779364,9.363313597,30.29281055,40.67127298,..,14,..,0.740451469,42.3654191,4.003317802,30.96769668,136.4733662,20139846000,1.623170609,..,14437634.41,2626520130,32.37820964,645.4650067,-2626520130,10.11074774
Faroe Islands,FRO,48965,0.251515873,1396,35.0752149,..,..,..,..,..,..,81.9902439,2.4,..,..,..,..,..,..,..,..,..,..,0.8,..,..,..,..,2476746087,..,..,..,..,..,..,..,..,..,..,..,108.6755846,..,78.05798771,111.3037166,..,..,..,..,..,..,50581.96849,..,..
Fiji,FJI,892149,0.713519398,18270,48.83136289,..,4290204064,4810,7728323625,8660,..,70.117,2.541,43.5248,..,99.9,24.6,..,94,106.3673172,..,..,..,10172,..,..,..,..,4362128146,3.844407023,4.127385105,9.423066667,14.91576393,49.92786885,55.58360656,17.89234973,27.60011436,11,..,0.966007296,108.2722729,2.292610182,68.22438269,109.5030973,871282000,1.137493067,..,9093673.519,307878423.7,114.8687047,4889.461454,-341819493.5,1.376130953
Finland,FIN,5479531,0.329383886,338420,16.19151055,..,2.55E+11,46630,2.33E+11,42450,9.4,81.4804878,1.65,7.0306,85.5,99.9,2.4,..,95,99.02333832,150.0073547,1.05697,..,222180,..,5924.700125,..,..,2.32E+11,0.135082255,1.872375163,2.225625465,23.32636782,36.49405546,36.9658976,20.92183355,37.49355928,3,..,1.462441729,134.91875,8.727074859,51.75529004,94.06756425,..,..,..,927351867,16843228522,..,42424.22081,-18112500507,-0.20792884
France,FRA,66593366,0.41723803,549087,121.2801724,..,2.71E+12,40730,2.74E+12,41100,7.9,82.27317073,1.96,8.9614,..,97.7,4.2,..,91,..,111.0670395,1.003620028,0.5,169890,..,3689.517767,..,..,2.44E+12,1.067461647,1.183731312,1.605644387,17.67969171,30.59262238,31.15907156,22.71232406,44.76499614,5,85.64968201,2.274223958,103.4500397,26.84724696,44.28233053,91.85510376,..,..,..,12787010561,42803255076,..,36613.37522,-2107836717,0.037514381
French Polynesia,PYF,277690,0.79758329,4000,69.4225,..,..,..,..,..,..,76.628,2.028,36.269,..,..,..,..,..,..,..,..,..,1550,..,..,..,..,..,..,..,..,..,..,..,..,..,..,..,..,96.63077533,11.19751779,..,87.66815225,..,..,..,9522350.051,26007149.16,..,..,-3267219.219,..
Gabon,GAB,1930175,2.862181858,267670,7.211024769,..,15520240284,8040,31732200731,16440,..,65.685,3.85,101.667,..,..,52.5,..,68,..,..,..,4.3,230000,..,..,..,..,14377389786,3.879257595,-8.926648359,4.31116599,48.18510025,45.93637914,27.91791615,29.23031693,..,9,..,1.194602857,146.1813048,..,60.06202676,134.5187965,5057389000,2.998267269,..,..,990434781.2,51.17670678,7448.749355,..,-0.338795189
"Gambia, The",GMB,1977590,3.067312186,11300,175.0079646,48.6,865257810.1,440,3197191366,1620,7.4,60.954,5.488,84.687,..,..,67.9,..,97,68.87774658,..,..,1.8,4880,..,..,..,..,907655651.5,4.299999773,6.373763021,17.30367046,13.49656722,24.69868588,50.42119178,19.69877349,..,7,..,1.481032406,137.3222963,..,57.92674697,103.7256669,526775000,4.361953289,..,20288573.48,-1692732.888,54.45011352,458.9705912,652250.0557,6.808326252
Georgia,GEO,3717100,-0.265982613,69700,53.32998565,21.6,15323191278,4120,34743833778,9350,6.8,73.096,2.003,48.201,..,99.9,12.1,..,96,105.7999115,101.8439178,1.014979959,0.4,28224,..,..,..,..,13993546732,2.880318509,5.886766367,7.896645965,21.32921837,44.73795666,62.27022682,31.50418064,24.73551431,2,..,2.380033268,140.4706134,5.567077001,67.92416663,136.97766,14817264000,15.24631743,..,95862423.06,1659056485,120.7742595,3764.640912,-1343356814,4.003578207
Germany,DEU,81686611,0.865702644,357380,228.5707398,..,3.74E+12,45790,3.98E+12,48690,7.8,80.64146341,1.5,7.1462,..,98.7,3.9,..,97,100.4825592,101.0608521,0.965129972,0.2,114190,..,3817.549415,..,..,3.38E+12,1.743205394,2.01304621,0.555221527,27.48611043,46.87483778,38.88094886,19.14845662,28.14738883,9,50.82932953,1.179472016,117.9324532,16.66114593,70.45114483,99.59884763,..,..,..,18033313160,54117732438,..,41323.9215,74838415351,0.234429945
Ghana,GHA,27582821,2.274380311,238540,115.6318479,..,41086534675,1490,1.13E+11,4110,..,62.448,4.042,68.677,34.7,..,54.7,..,89,100.2382965,59.43994904,0.982070029,1.7,93370,..,..,..,..,37338430643,3.837040864,16.3688832,19.08154583,23.57990819,44.42404439,56.12257565,16.71246007,..,8,..,0.526514224,126.920981,..,63.70420393,166.1641885,20630861000,2.877984118,..,2607106387,3192320531,64.12288286,1353.68426,-2970893677,17.1499695
Gibraltar,GIB,34228,0.556647498,10,..,..,..,..,..,..,..,..,..,..,..,..,..,..,..,..,..,..,..,0,..,..,..,..,..,..,..,..,..,..,..,..,..,..,..,..,121.0733902,..,..,52.41832365,..,..,..,..,-2174517000,..,..,..,..
Greece,GRC,10820883,-0.658861361,131960,82.00123522,..,2.20E+11,20360,2.90E+11,26820,5.9,81.03658537,1.33,7.7494,..,..,4.8,..,97,94.62859344,99.33422089,0.961749971,0.2,40540,..,2182.071093,..,..,1.96E+11,-0.290902297,-1.024371478,3.747923793,13.79640318,31.72263646,31.67098002,9.818877913,46.72059116,5,21.51948501,2.472716812,112.0241848,10.98679549,39.4202015,90.353773,..,..,..,974842248,1268311158,..,18070.77678,313745668.1,-1.736036796
Greenland,GRL,56114,-0.322038549,410450,0.136713363,..,..,..,..,..,..,..,2.01,..,..,..,..,..,..,..,..,..,..,2.2,..,..,..,..,2520206900,0.31010915,6.131058202,16.92823062,12.75264365,37.0831048,45.98217708,25.29002047,..,..,..,..,108.2001525,11.9967389,42.61594881,86.55513545,..,..,..,..,..,..,44912.26609,..,..
Grenada,GRD,106823,0.434369277,340,314.1852941,..,929821695.3,8700,1402102725,13130,..,73.531,2.126,31.6494,..,..,16.3,..,99,..,99.15850067,0.977069974,..,169.9,..,..,..,..,997007925.9,6.437965461,2.7671226,7.428340961,12.32439773,58.0056015,56.71579787,..,..,6,..,..,112.1172407,..,40.57450192,98.40639481,685793000,2.865203332,..,15757090.67,86280526,225.606845,9333.270231,-88554019.55,-0.515448031
Guam,GUM,161797,0.514308801,540,299.6240741,..,..,..,..,..,..,79.379,2.367,34.325,..,..,..,..,..,..,..,..,..,250,..,..,..,..,5697000000,0.484777972,2.504347099,..,..,18.36054064,53.60716166,..,..,..,..,..,..,..,11.80196595,100.9722082,..,..,..,..,..,..,35210.78883,..,..
Guatemala,GTM,16252429,2.044266382,108890,149.255478,..,58672123831,3610,1.23E+11,7570,..,73.15,3.029,73.9864,60.6,65.5,29.6,12.6,77,82.71166992,64.45839691,0.959619999,0.5,35400,..,..,..,..,63767597194,4.140044358,3.230927516,10.48103647,26.51131408,21.16044686,30.14581684,13.62468792,10.80593498,8,..,0.395734074,111.4995795,5.019300411,44.40703625,102.8128277,20245919000,3.392244179,..,24879300,1175523400,25.30637113,3923.573344,-1104000700,2.388720328
Guinea,GIN,12091533,2.393916866,245860,49.18056211,..,8348385664,690,21420683145,1770,..,59.419,4.934,139.5256,..,..,91.7,..,48,..,..,..,1.6,63640,..,..,..,..,8857789706,3.81494989,2.982797708,18.4782419,26.32464161,23.06351538,49.0762204,23.50475791,..,6,..,3.305083056,89.02097029,0.956637362,44.85204698,97.47846584,1389403000,1.189108946,..,25699500.51,53272458.42,44.49725275,732.5613473,48221446.69,8.150870775
Guinea-Bissau,GNB,1770526,2.561841573,36130,49.00431774,..,1105612763,620,2793724067,1580,..,57,4.71,89.9284,..,..,90.7,..,81,..,..,..,3.6,19720,..,..,..,..,1047808175,6.134082942,12.10198864,46.78812528,12.25397134,27.54304392,32.23849284,8.085553073,..,9,..,1.676929222,69.95056836,..,43.82580954,92.39585771,314876000,0.229275797,..,38406676.67,18575499.45,53.6789632,591.8061497,-16230041.41,1.404608873
Guyana,GUY,768514,0.668580935,214970,3.574982556,..,3118999486,4060,5759932006,7490,..,66.536,2.534,87.5268,..,..,33.3,..,99,..,..,..,1.7,165260,..,..,..,..,3166029056,3.162407787,-0.239043441,17.14921572,29.93170538,41.25672813,60.02155908,32.27544223,..,7,..,1.342694691,70.60352837,0.060717614,83.47680812,114.7539832,1639012000,2.300485604,..,131992083.3,137700000,41.82096878,4119.676487,-137700000,-1.001734328
Haiti,HTI,10711061,1.302387138,27750,385.9841802,..,8710984924,810,18909569565,1770,..,63.055,2.973,38.976,..,..,75,..,53,..,..,..,1.9,970,..,..,..,..,8724656126,1.211218343,6.878637782,17.08219019,56.99159016,20.00736467,50.54432495,41.08381773,..,12,..,0.000887538,68.15384582,..,52.32446911,64.21458844,2084271000,0.395954896,..,247297661.3,105680000,97.64298794,814.5463952,-105680000,9.016518813
Honduras,HND,8960829,1.706429882,112490,79.65889412,63.8,18747597401,2090,38394917938,4280,3.6,73.376,2.507,73.5778,..,..,19.6,..,97,80.75003815,63.47639084,1.058130026,0.4,45920,..,..,..,..,20979767785,3.840079971,6.932770369,12.21597845,25.64997094,45.16675746,62.0976479,25.11800475,23.36315517,11,..,1.549887196,89.81744881,..,92.10254469,73.43413617,7585208000,6.567834298,..,41100000,1316679827,60.32031188,2341.27532,-951580322.1,3.15783118
"Hong Kong SAR, China",HKG,7291300,0.851197911,1105,..,..,3.00E+11,41180,4.24E+11,58120,..,84.27804878,1.196,2.8314,..,..,..,..,..,104.1111603,101.427887,0.973779976,..,..,..,..,..,..,3.09E+11,2.38784571,3.64350237,0.067965375,7.058016579,195.8976016,193.5083476,21.54147973,..,2,1029.425587,..,230.8187986,11.57783861,345.8563759,103.1145434,..,..,..,758670560.6,1.81E+11,..,42431.88828,-1.03E+11,2.995391705
Hungary,HUN,9843028,-0.237855002,93030,105.8048801,..,1.28E+11,12960,2.43E+11,24680,7.8,75.56829268,1.45,19.9328,..,..,5.1,..,99,96.92520142,103.0008392,1.002799988,0.1,20690,..,2432.751791,..,..,1.23E+11,3.367145175,1.88484189,3.710182143,26.63304016,90.21258235,81.35328782,21.83382468,40.46319074,6,14.39378897,0.938358749,120.4609193,..,155.1156839,101.0347284,..,..,..,690138526.8,-4919015554,..,12483.86594,-2856537119,-0.06164468
Iceland,ISL,330815,1.041940387,103000,3.211796117,..,16526500157,49960,15344038675,46380,..,82.46829268,1.8,7.827,..,98.2,2.3,..,93,..,119.0827332,1.003790021,..,492,54.94397637,17478.89304,..,..,16942247374,4.311317806,6.041828692,5.448539054,19.51465249,53.18771091,45.85541349,19.13844489,30.61494615,5,..,0,116.2534861,19.90161275,59.31813228,88.59378204,..,..,..,84084338.52,1145767445,..,51213.66133,-695187948.3,1.633055582
India,IND,1309053980,1.167527075,3287259,398.2205175,..,2.10E+12,1600,7.93E+12,6060,..,68.302,2.352,25.9968,..,..,44.1,35.7,87,97.7277298,73.97898865,1.066089988,0.2,706820,..,..,..,..,2.10E+12,8.154425028,2.071893515,16.16798686,27.22038841,19.82442628,22.12225363,31.79231187,..,13,72.11868999,2.405128349,76.4717128,7.517758047,31.40759783,104.2709273,4.79E+11,2.393911641,..,4882832496,44009492130,2.424919101,1606.038285,-36495216491,4.906973441
Indonesia,IDN,258162113,1.181013915,1910931,135.0975587,11.2,8.87E+11,3430,2.76E+12,10670,0,69.025,2.389,48.6144,61.5,..,27.2,..,75,102.1675491,87.29934692,0.987049997,0.4,910100,..,..,..,..,8.61E+11,4.8763223,3.98024266,13.49264356,40.0478624,21.16017926,20.77746098,34.06279218,12.96669934,12,41.03725644,0.886273832,131.2928284,6.628957178,34.04306886,123.6759695,3.08E+11,6.69444883,..,4605139443,19779127977,-0.129376072,3334.549075,-10704478317,6.363121131
"Iran, Islamic Rep.",IRN,79360487,1.203520261,1745150,45.4748801,..,4.24E+11,5340,1.40E+12,17620,..,75.73,1.686,26.4394,..,..,16,..,99,101.5314331,88.94587708,1.034980059,0.1,106919.8,..,..,..,..,3.86E+11,-1.32064512,0.429237409,10.48470358,32.96959372,19.74338617,19.27391453,34.033613,..,9,23.17542256,2.630729502,93.52111839,..,27.18500625,314.1028492,6321580000,0.205837273,..,..,2050000000,1.39742086,4862.299729,..,13.70579975
Iraq,IRQ,36115649,3.120450103,435050,83.01493851,..,2.15E+11,5960,5.75E+11,15930,..,69.672,4.427,79.462,..,..,32.3,..,57,..,..,..,..,8250,..,..,..,..,1.80E+11,4.8,-26.86570912,4.749,41.46,34.91883643,40.92398665,24.4,28.40449375,9,..,5.346370529,92.92093851,..,49.23619252,102.9330148,..,..,..,539300000,3316300000,41.06087087,4974.02693,-3168600000,1.393330288
Ireland,IRL,4701957,0.944845307,70280,66.90320148,..,2.44E+11,51850,2.55E+11,54230,8,81.45365854,1.92,10.6084,..,99.7,3.7,..,93,..,127.2084885,1.009729981,0.2,7540.2,..,2819.875852,..,..,2.91E+11,25.55726885,7.2800333,0.893116682,38.40423485,124.6425558,91.54415077,21.18490477,25.67914057,4,44.04726713,0.351425725,104.2956894,26.75198751,68.99029215,90.08346173,..,..,..,1564024377,2.35E+11,..,61807.67037,-45357839475,-0.289879079
Isle of Man,IMN,83167,0.696202671,570,145.9070175,..,6873650536,82650,..,..,..,..,..,..,..,..,..,..,..,..,..,..,..,34.6,..,..,..,..,6792417112,-3.4,1.948149351,..,..,..,..,..,..,..,..,..,..,..,..,..,..,..,..,..,..,..,81672.0227,..,..
Israel,ISR,8380100,1.981288976,22070,379.7054826,..,3.02E+11,36080,2.98E+11,35580,..,82.05121951,3.09,10.1468,..,..,3.8,..,98,108.838623,102.4872437,1.008229971,..,1650,..,2777.875324,..,..,2.99E+11,3.037943899,2.244444902,1.172456991,18.80231238,31.27073321,28.25848001,19.7556653,32.4607448,5,81.54754383,5.670256584,131.0674983,19.66319322,43.02679725,112.1674473,..,..,..,4732700000,11336200000,..,35690.96308,-367800000,-0.600006527
Italy,ITA,60730582,-0.096376133,301340,201.5350833,..,2.00E+12,32970,2.21E+12,36440,5.9,82.54390244,1.35,6.2124,..,..,3.5,..,85,100.4257507,103.1770172,0.98299998,0.2,92970,..,2481.754645,..,..,1.83E+12,0.951958872,0.937903127,2.018870252,21.17655075,29.92600911,26.99605348,17.30645895,38.3417312,6,..,1.380512271,147.3697996,..,47.38417037,103.2381326,..,..,..,9442566905,13299083868,..,30180.32151,2795798556,0.0387904
Jamaica,JAM,2871934,0.343459143,10990,261.322475,..,13597011231,4730,23989472607,8350,..,75.836,2.026,55.9558,..,..,16.2,..,91,..,80.59925079,..,1.8,3352,..,..,..,..,14186886643,0.892651592,6.616117248,6.302290202,19.16247642,29.910342,46.20453409,21.26985256,27.48626439,2,..,0.868420522,109.2369463,0.085597606,44.09434683,85.69551382,14108990000,29.5998493,..,287140244.5,924977863.7,20.56802141,4939.837281,-920632767.6,3.675887919
Japan,JPN,127141000,-0.106124994,377962,336.3856684,..,4.94E+12,38880,5.37E+12,42270,..,83.79390244,1.45,4.2384,39.8,99.9,3,..,96,..,102.1422729,1.00462997,0.1,249580,..,3428.557216,..,..,4.39E+12,1.353823114,2.141344449,1.110292794,28.8978202,17.58892813,18.00747313,24.0053024,12.61091931,9,111.3752878,0.960651845,125.4618376,16.78206158,28.95963,86.90888387,..,..,..,4000341421,5252218412,..,34567.74568,1.33E+11,0.78951789
Jordan,JOR,9159302,3.896131218,89320,102.5448052,..,35594302956,3890,81861950186,8940,..,74.182,3.445,24.131,..,..,18.1,..,94,..,..,..,..,975,27.36087942,..,..,..,37517410282,2.39169597,2.272429348,3.678573448,26.12258107,37.58780717,60.48909957,24.10148517,..,7,67.84159623,4.30447416,150.6443177,1.817742985,75.45264816,79.33271693,25719578000,5.729737517,..,596760563.4,1600281690,234.9360246,4096.099275,-1599295775,-0.87691336
Kazakhstan,KAZ,17542806,1.461484685,2724902,6.437958503,2.7,2.00E+11,11420,4.13E+11,23550,10,72,2.73,29.3336,55.7,99.4,12,2,99,113.2292786,109.4495773,1.021180034,0.2,33090,..,..,..,..,1.84E+11,1.2,1.823549877,4.710547419,30.85478739,28.51670801,24.5330208,27.9079156,13.66643674,6,18.9230309,1.141193945,148.2243479,41.19050836,41.50124772,151.7973384,1.53E+11,20.16307178,..,3077889688,6379438050,4.70278244,10510.77189,-3063061512,6.678285856
Kenya,KEN,47236259,2.599336534,580370,81.38990472,36.1,61836034657,1310,1.41E+11,2990,6.2,66.695,3.917,83.0942,66.3,..,48.7,..,96,101.4895325,..,..,5.1,44130,..,..,..,..,64007293815,5.718507131,10.02498138,30.19240945,17.30080727,16.59244332,27.61887676,21.46595653,21.19959202,12,..,1.330737341,79.84532391,..,34.37020172,102.5350085,19764038000,1.3152899,..,35050867.92,619724470.5,52.16712865,1355.045788,-377731862.2,6.582174403
Kiribati,KIR,112407,1.749085489,810,138.7740741,..,388895550.4,3460,488282467.4,4340,..,66.13,3.693,18.1598,..,..,57.8,..,84,..,..,..,..,121.5,..,..,..,..,169140560.4,10.29603364,2.86664791,..,..,9.815983619,103.4453658,..,121.902016,7,..,..,36.47459678,..,81.41157842,105.1931958,..,..,..,948075.9101,837637.7448,577.8109904,1504.715547,-790860.2813,0.572015744
"Korea, Dem. People?s Rep.",PRK,25243917,0.506566972,120540,209.4235689,..,..,..,..,..,..,71.457,1.921,0.2928,..,..,21,..,98,..,92.98803711,..,..,50310,..,..,..,..,..,..,..,..,..,..,..,..,..,..,..,..,12.83477521,..,..,65.50377898,..,..,..,..,82063000,5.206402794,..,..,..
"Korea, Rep.",KOR,51014947,0.527288497,100280,508.7250399,..,1.39E+12,27250,1.80E+12,35300,..,82.02439024,1.239,1.6922,79.6,100,3.5,..,98,98.88244629,100.1968994,1.002760053,..,61840,..,5413.347857,..,..,1.38E+12,2.790236167,2.394658864,2.085013853,34.89108503,45.33668976,38.37543177,28.91811192,26.30360808,3,89.03903601,2.644758513,116.4870829,26.84150956,69.66156055,58.7656461,..,..,..,8365200000,4104100000,..,27105.07623,19656300000,0.70620817
Kosovo,XKX,1801800,-1.103885809,10887,165.5001378,17.6,7167361490,3980,17845749725,9900,9.5,71.34634146,2.09,..,..,..,..,..,..,..,..,..,..,..,..,..,..,..,6439946767,4.094454536,0.197417395,10.32564708,23.78458386,21.9394169,50.3917753,27.57581498,..,4,..,0.776154026,..,..,..,..,2158196000,2.455969381,..,68371445.22,343256140.8,242.984793,3574.17403,-302192096.6,-0.538793103
Kuwait,KWT,3935794,3.97406926,17820,220.8638608,..,1.60E+11,40750,3.19E+11,81000,..,74.577,1.986,9.7994,..,99.9,8.8,..,93,..,97.53235626,1.060940027,0.1,62.5,..,..,..,..,1.15E+11,0.593019617,-25.95841894,0.537807521,55.93604326,53.76537784,44.93448553,25.42808492,38.62119379,12,..,5.03073036,148.5427083,2.717092493,74.26693154,126.6642767,..,..,..,15202536401,284647623.8,..,29109.06874,5154974475,3.271701661
Kyrgyz Republic,KGZ,5956900,2.059025966,199949,29.79209698,32.1,7028803387,1180,19743545516,3310,9.5,70.65121951,3.2,39.508,..,..,22.3,..,99,112.9829102,93.34668732,1.006440043,0.2,6370,..,..,..,..,6678178340,3.875825531,3.427287418,14.06076433,25.07806232,35.18960049,75.77197023,34.67146926,30.06601324,4,..,3.507499733,129.2228613,11.86204101,83.07999154,113.2810608,7510751000,6.427532473,..,362554963,1144054000,129.2601857,1121.082835,-1009094000,6.50331839
Lao PDR,LAO,6663967,1.322792589,236800,28.14175253,..,13309732549,2000,39023012655,5860,..,66.335,2.758,63.9566,..,..,67.9,..,88,101.6550827,63.60427094,0.943910003,0.3,187614.1,..,..,..,..,14390391264,7.269591775,2.348585293,17.58814396,27.69341925,33.95237774,51.8462483,31.55676354,15.80735147,8,..,..,55.93007889,35.20783281,55.60488143,97.83027121,13012454000,3.060165165,..,43338071.87,1421167447,70.69212678,2159.433152,-1421167447,1.277354271
Latvia,LVA,1977527,-0.818626341,64490,30.66408746,..,29595792823,14970,48261129005,24400,7.1,74.4804878,1.7,14.1934,..,99.9,5,..,96,100.2413635,112.2302933,0.990490019,..,33560,..,..,..,..,26972863394,2.971703832,0.001230036,3.642632393,19.55234231,60.40379643,60.9141268,22.2342926,43.23705814,4,..,1.050235366,129.97682,..,98.70540091,99.26260072,..,..,..,494501725.1,838627741.1,..,13639.69412,-695416895,0.174242244
Lebanon,LBN,5851479,4.334248771,10450,559.9501435,..,47041676547,8040,82183544197,14040,..,79.409,1.72,12.5314,..,..,8.4,..,79,72.03408813,61.30218887,0.944850028,0.1,1373,..,..,..,..,49459296463,0.815560066,2.562592677,3.454907048,15.38183458,26.90065674,47.18291595,21.36276305,17.28751491,8,23.01073977,4.412125161,79.59784184,..,46.66158205,105.6332756,30895976000,8.010673527,..,3674947485,2159289952,166.6108688,8452.443641,-1691490626,-3.749145248
Lesotho,LSO,2174645,1.335998003,30360,71.62862319,..,2867750122,1320,6970527742,3210,..,53.745,3.143,89.9072,..,..,93.8,..,90,76.11792755,53.53892899,1.056509972,23.8,490,..,..,..,..,2505879960,2.516587746,9.911453087,4.969919445,32.83029919,40.38949287,81.76524451,28.77754945,44.83172364,7,..,1.885295352,98.41335022,..,114.2112379,82.11679114,888419000,2.005606532,..,..,113220010.4,38.23152744,1152.316796,-113220010.4,3.160309819
Liberia,LBR,4499621,2.449607646,111370,40.40245129,..,1701614567,380,3244554881,720,..,62.007,4.65,130.0688,..,..,80.1,..,64,..,37.39720917,0.869710028,1.5,41790,..,..,..,..,2034000000,0,1.043219076,34.37069813,12.53687316,19.46902655,106.5486726,20.15732547,..,5,..,0.727581121,81.16239123,..,96.87807276,117.4076229,836846000,2.525940707,..,339788070.6,232679832.5,243.2271518,452.0380717,-721033135.4,7.748696876
Libya,LBY,6234955,0.49597085,1759540,3.543514214,..,37199941798,5970,1.03E+11,16450,..,71.776,2.312,5.7966,..,..,13.3,..,98,..,..,..,..,2170,..,..,..,..,29274816454,-8.862039401,-15.25096566,..,..,38.01072586,70.64409664,..,..,10,..,..,156.3295966,..,79.24900242,202.428792,..,..,..,839800000,725667000,25.23995763,4695.273094,394900000,..
Liechtenstein,LIE,37403,0.740644738,160,233.76875,..,..,..,..,..,..,82.65609756,1.4,..,..,..,..,..,..,105.7471313,116.1234436,0.850310028,..,69,..,..,..,..,6289165410,..,..,..,37.24829443,..,..,..,..,..,..,..,109.4831965,..,..,..,..,..,..,..,..,..,168146.0153,..,..
Lithuania,LTU,2904910,-0.940753797,65286,44.49514444,..,43895369438,15110,80209310944,27610,6.1,74.32195122,1.7,12.101,..,..,5,..,94,99.59171295,103.5941315,0.97074002,0.1,21800,..,..,..,..,41508609233,2.034648974,0.306313743,3.440048183,26.73286235,75.83685052,76.31642401,20.58346215,9.046017806,4,..,1.13821125,142.7066372,11.85277393,129.1120644,95.68394538,..,..,..,588850362.5,970017859,..,14289.12057,-789739198.9,-0.884108435
Luxembourg,LUX,569604,2.359951181,2590,219.9243243,..,41884068400,73530,38715487338,67970,7.2,82.29268293,1.47,5.6798,..,..,2.7,..,99,78.88298798,101.9666138,1.021450043,0.2,867,..,6548.405559,..,..,57784495265,2.861674636,1.31907195,0.230243008,11.36615381,222.703207,187.4684301,18.11858406,40.82451837,5,81.56405933,0.477909561,142.3577966,6.823001118,70.04647555,76.31485756,..,..,..,11178504815,11320244609,..,101446.7863,1.75E+11,0.474743161
"Macao SAR, China",MAC,600942,2.044412618,30.3,..,..,38748459794,64480,59085434849,98320,..,83.7,1.28,2.727,..,..,..,..,..,96.35359192,94.88189697,0.984910011,..,..,..,..,..,..,45361678147,-21.59450546,4.502454556,..,7.67366163,77.91299594,38.73659974,25.12471943,31.53342332,..,..,..,315.520799,..,26.3258801,88.14381079,..,..,..,1571312506,367365411.6,..,75484.28658,-587253909.7,4.559202881
"Macedonia, FYR",MKD,2079308,0.087230505,25710,80.87545702,21.5,10609720872,5100,27720474713,13330,..,75.549,1.524,16.9288,..,99.9,12.2,..,89,91.27797699,81.89122772,0.988179982,0.1,9980,..,..,..,..,10051659161,3.841623807,1.88709447,9.739359415,23.95278017,48.80033677,65.04352966,30.44246202,26.99165379,4,..,0.994696985,100.2055972,2.987312334,..,97.83279185,6766730000,10.69493533,..,19890647,296604200.4,103.0727531,4834.136723,-230313801.4,-0.301279047
Madagascar,MDG,24234088,2.694577946,587295,41.26390996,..,10088485965,420,34167855777,1410,..,65.539,4.241,113.7668,..,..,47.8,..,58,68.65476227,38.51231003,0.993749976,0.2,124730,..,..,..,..,9744243531,3.116614714,7.551383102,23.48610758,14.41367629,32.06400512,35.5307754,13.05677418,..,9,..,0.605143776,44.12695456,0.186266128,49.64203113,86.940817,2958793000,1.48478314,..,57976274.83,246135354.5,27.93461838,402.0883118,-435345863.4,7.404002032
Malawi,MWI,17573607,2.91437124,118480,148.3255149,..,5910747764,340,19725068804,1120,..,62.661,4.646,141.779,..,..,61.7,11.7,87,..,38.76234055,1.000609994,10.1,31470,..,..,..,..,6373201160,2.799999999,20.53465854,27.48122386,14.80716336,29.15651988,35.75475473,12.22162442,16.65116671,8,..,0.631971632,37.36687067,2.156848969,53.21838923,113.683826,1734424000,1.083288067,..,19998429.11,516092796.5,59.71341,362.6575444,-521198057,21.86734755
Malaysia,MYS,30723155,1.624739528,330800,92.87531741,0.4,3.21E+11,10450,7.95E+11,25880,5.8,75.143,2.056,13.308,..,99.4,7.6,12.4,93,103.3765869,84.97318268,1.039540052,0.4,221950,..,..,..,..,2.96E+11,5.028006349,-0.374504588,8.460227533,39.09933551,70.60151694,62.9492547,25.11360662,18.92412952,6,129.1945747,1.528863122,143.5529652,42.80094544,126.5607443,91.91112421,1.91E+11,4.685236072,..,3077376096,9857162233,-0.019529244,9648.553455,684809210.8,2.104389802
Maldives,MDV,418403,2.457269951,300,..,..,3428734843,8190,5599512587,13380,..,77.042,2.132,7.1988,..,..,8.8,..,99,95.64650726,..,..,..,10,..,..,..,..,4006531188,2.245924401,5.884757922,5.704252814,9.065808192,78.49280757,69.11091431,..,..,6,..,..,176.8127858,..,53.31320036,106.351141,966461000,3.232033668,..,348365189.2,297975993.4,64.12477922,9575.7707,-297975993.4,0.953206659
Mali,MLI,17467905,2.93397742,1240190,14.084862,..,13875053743,790,34893865665,2000,..,57.478,6.145,173.0382,15.6,43.7,113.7,25,61,50.86188126,41.65282059,0.864260018,1.3,47150,..,..,..,..,13100058100,5.962581591,2.786345327,37.66155702,17.49729048,24.04322793,39.59420616,17.40748871,14.8629285,5,..,2.360080021,129.9464074,..,49.74813361,151.9896208,3688693000,0.82888454,..,..,275317071.7,68.93385326,749.9501571,..,1.450690576
Malta,MLT,445053,2.386395363,320,..,..,10987360899,24690,15312254504,34410,8.5,81.79756098,1.45,16.9792,..,99.8,6.6,..,89,99.28662109,94.8015976,1.048769951,..,3.5,..,..,..,..,10574026838,9.621648064,2.723891159,1.099760871,13.03750341,139.4626581,132.401955,23.91117299,38.45335934,10,41.66170625,0.503586239,122.5774994,30.19682393,81.81990865,129.2220731,..,..,..,934958408.2,2949544243,..,23759.02834,-9881702740,1.099931591
Marshall Islands,MHL,52994,0.181316863,180,294.4111111,..,250183490.5,4720,285977120.5,5400,..,..,..,..,..,..,35.8,..,75,..,76.61187744,1.038560033,..,126.4,..,..,..,..,179697900,-0.364546612,-1.510430832,14.33807067,10.45955599,37.20917162,91.46066815,15.95049247,27.71926773,5,..,..,29.24859418,..,103.5070527,108.0275937,..,..,..,18452182.37,-5393638.499,1076.725667,3390.910292,5393638.499,..
Mauritania,MRT,4182341,2.872311257,1030700,4.057767537,..,5157637431,1230,15442675756,3690,..,63.082,4.736,81.7854,17.8,69.3,84.1,24.9,70,68.05400085,30.34445953,1.020820022,0.4,2245,..,..,..,..,4844223107,1.399996443,-4.86607678,24.52318143,25.25626309,37.10459511,72.26029689,54.76765769,..,7,..,3.76787742,87.13978607,..,68.87707089,133.9078707,3775705000,4.45342858,..,171581503,501726765.7,76.03397236,1158.256371,-501726765.7,3.254726881
Mauritius,MUS,1262605,0.132433083,2040,618.9240196,..,12351747902,9780,25177405234,19940,..,74.35317073,1.36,27.2926,..,99.8,14.4,..,99,100.4805603,97.36966705,1.032019973,..,386,..,..,..,..,11692287066,3.468664134,1.043157402,3.153993847,19.24209489,48.79492941,58.84194168,18.09106279,11.46166683,5,61.90876053,0.183007216,139.9254916,0.05962622,63.73521243,85.69484612,14642562000,29.30441536,..,7126791.01,208290139.5,62.10968593,9260.447303,-356592085.8,1.286549708
Mexico,MEX,125890949,1.334898066,1964380,64.0868615,..,1.24E+12,9860,2.12E+12,16860,..,76.933,2.215,62.5464,66.9,97.7,14.8,3.9,97,101.7891693,95.26338196,1.038239956,0.3,660400,14.28199224,1488.017911,..,..,1.17E+12,3.270472129,2.736064928,3.200344552,29.98461617,34.59116399,36.63251793,23.2718443,19.05399559,7,34.39171362,0.671678249,85.54092479,14.68693681,67.18665391,103.6368748,4.26E+11,4.745290835,..,810619117,36775634408,2.550381918,9290.760629,-24266157376,2.720641263
"Micronesia, Fed. Sts.",FSM,104433,0.401059795,700,149.19,..,379950462.7,3640,432304872.9,4140,..,69.078,3.194,15.7768,..,..,34.2,..,74,..,..,..,..,642.7,..,..,..,..,315179700,4.931500557,-5.544760451,26.06010888,6.156287018,26.27301822,77.48643076,..,28.49176771,7,..,..,21.54970172,..,63.41017521,96.03511099,..,..,..,..,800000,779.3513545,3018.008675,..,-0.516856116
Moldova,MDA,3554108,-0.064383615,33850,104.995805,9.6,7938965919,2230,19234286129,5410,9.7,71.468,1.248,23.4344,..,..,16,..,89,90.90860748,86.10812378,1.001209974,0.5,4090,..,..,..,..,6512899540,-0.40000013,9.821705527,12.23988316,18.83552622,42.80452992,73.86340086,22.68368105,31.36019843,5,..,0.353941168,91.3220675,3.988927282,91.4124341,71.28439736,6345427000,6.110093684,..,154110000,216140000,87.94893121,1832.499052,-209120000,9.676240331
Monaco,MCO,38307,0.457882248,2,..,..,..,..,..,..,..,..,..,..,..,..,3.5,..,88,..,..,..,..,..,..,..,..,..,..,..,..,..,..,..,..,..,..,..,..,..,88.80883389,..,..,..,..,..,..,..,..,..,..,..,..
Mongolia,MNG,2976877,1.795779088,1564120,1.903228013,..,11463724094,3850,33208154417,11160,..,69.087,2.793,24.8272,..,..,18.8,..,98,98.33010101,91.39177704,1.002490044,0.1,125528,..,..,..,..,11749620620,2.379835807,1.733009104,13.35614513,31.04054776,45.64559477,44.6414181,26.41264614,22.56311408,6,..,0.865609772,103.0662671,4.031121244,72.060199,157.5368119,21542455000,16.25894386,..,227551598.3,94319767.47,79.39192651,3946.962075,-82911241.94,6.580057365
Montenegro,MNE,622159,0.056110724,13810,45.05133961,..,4526711419,7280,10380979170,16690,..,76.938,1.677,12.4102,..,..,4.1,..,64,94.3434906,92.70513153,0.99425,0.1,8270,..,..,..,..,4052913386,3.390415207,2.219598627,8.061185734,14.35346224,42.11807213,60.57090523,20.09515908,..,6,..,1.415247897,160.4465613,..,58.99970264,..,2659804000,12.02760045,..,53619209.55,699736511.1,160.6663248,6514.272695,-687343510.1,1.548691582
Morocco,MAR,34803322,1.404045472,446550,77.93824208,..,1.07E+11,3010,2.71E+11,7620,..,75.573,2.526,32.2602,..,..,25.4,..,99,95.93862915,..,..,0.1,56320,..,..,..,..,1.01E+11,4.549502042,1.708925878,12.79597403,25.83089584,34.29424886,42.08494405,30.24272492,..,5,45.6570442,3.229924495,123.7804138,3.536814373,60.07809899,126.7211722,42990393000,3.577972346,..,78799239.1,3252913902,42.56576427,2864.092915,-2596320890,1.557907113
Mozambique,MOZ,28010691,2.891416842,799380,35.04052015,..,16353757879,580,32684878236,1170,..,57.714,5.305,142.6462,27.1,..,78.6,..,85,48.36959839,32.88227844,0.915369987,12.9,379400,9.713293573,..,..,..,14798399862,6.593985906,4.381275296,22.94397028,19.6452245,32.21627767,71.98985881,45.32566399,26.34765473,10,..,0.992915987,71.88302495,11.61205432,79.38352869,89.71930263,9996132000,2.801958056,..,190566935.1,3868353885,64.78740564,528.3125597,-3866831987,3.550759674
Myanmar,MMR,52403669,0.919199181,676590,77.45262123,32.1,62435375254,1190,2.70E+11,5160,7.3,66.464,2.23,29.402,..,..,52.4,..,84,..,..,..,0.7,290410,..,..,..,..,59687373958,6.992515574,4.136625537,26.77179521,34.46878071,20.79917286,26.56085981,34.93993002,18.4902289,14,..,4.077227344,78.22680698,0.440042584,47.4370007,95.00666669,6657380000,0.133348757,..,382264665.7,4083839112,22.29805703,1138.992271,-4083839112,9.485472555
Namibia,NAM,2425561,2.275440487,824290,2.942606364,..,12902829136,5320,25647656410,10570,2.8,63.782,3.473,76.1964,..,..,47.2,..,85,..,..,..,12.5,69190,..,..,..,..,11769045772,6.106731719,1.98502344,5.882835179,28.53892282,38.39224182,68.69095948,33.83768911,34.67182759,10,16.24005919,4.483156105,105.1227737,0.404060725,99.95689539,127.7543697,..,..,..,63687286.08,1169185079,58.69982243,4852.092267,-1125688025,3.395660655
Nauru,NRU,12475,5.114564154,20,623.75,..,147813100.2,11850,201960780.8,16190,..,..,..,..,..,..,35,..,98,..,..,..,..,0,..,..,..,..,100459782.6,2.808191226,-8.309033327,3.642533202,5.497549311,45.35251382,101.6674171,..,..,..,..,..,83.48134991,..,..,142.1486193,..,..,..,..,0,2505.01002,8052.888385,..,..
Nepal,NPL,28656282,1.168998177,147180,194.7022829,..,21088820529,740,71755458709,2500,..,69.887,2.162,63.6844,..,..,36.6,..,85,105.3747025,67.14092255,1.077849984,0.2,36360,..,..,..,..,21410840909,3.322905439,4.942814458,29.38294588,13.71712179,11.62193974,41.47332707,39.0574709,19.33382291,7,..,1.563735775,96.02102255,0.622566089,34.43233281,85.05326344,4138852000,1.019796639,..,9494425.813,51895699.93,42.74036667,747.1604624,-51895699.93,7.868908956
Netherlands,NLD,16939923,0.443220089,41540,407.7978575,..,8.31E+11,49030,8.34E+11,49250,8.9,81.5097561,1.66,4.175,..,..,4,..,95,..,133.5423126,1.00880003,0.2,3760,..,4233.043857,..,..,7.58E+11,2.260757029,0.805313303,1.624388952,18.24781954,83.42558493,72.87115356,19.92444294,38.12002803,4,96.10634636,1.143568652,122.8506375,19.32359665,142.8747507,93.75116573,..,..,..,10195414737,1.81E+11,..,44746.33405,89513304875,0.600248147
New Caledonia,NCL,272400,1.6098044,18580,14.66092573,..,..,..,..,..,..,77.24430351,2.06,19.876,..,..,..,..,..,..,..,..,..,8390,..,..,..,..,..,..,..,..,..,..,..,..,..,..,..,..,96.72452813,5.028256097,..,165.2630307,..,..,..,28730855.74,1203895440,..,..,-1145991625,0.570508141
New Zealand,NZL,4595700,1.889045125,267710,17.16671025,..,1.85E+11,40270,1.66E+11,36090,..,81.45682927,1.99,21.1848,..,96.3,5.6,..,93,..,114.7460938,1.035899997,0.1,101520,..,4444.725287,..,..,1.78E+11,4.434294944,0.681656929,5.486761103,20.44019725,27.57475344,26.81544067,23.3828287,32.79574311,1,41.85908279,1.111700515,121.3557518,9.617084082,39.91882292,137.9716765,..,..,..,704992380.6,-9807784.014,..,38649.3785,-5916739.644,0.292704628
Nicaragua,NIC,6082035,1.124975819,130370,46.65210555,..,12309981562,2020,32419359884,5330,..,75.149,2.231,88.3512,..,..,18.5,..,99,..,..,..,0.2,31140,..,..,..,..,12611087031,4.768608794,6.384276786,15.96035263,24.50686096,40.5508553,58.92200731,32.70363298,16.92122221,7,..,0.776082633,119.436192,0.488474132,94.49026853,105.3804503,10546824000,6.297258987,..,1600000,949900000,75.29058942,2073.497938,-904900000,3.997379967
Niger,NER,19896965,3.835749885,1267000,15.70399763,..,7818090004,390,18836106701,950,..,59.667,7.29,196.034,..,39.7,93.5,..,75,..,20.56176949,0.811640024,0.4,11420,..,..,..,..,7251323996,4.337591116,1.022213588,35.96916007,18.01153742,18.18885129,40.66056357,40.04767176,..,6,..,..,45.02696768,14.24266564,42.24496056,170.8224866,2918325000,1.271127177,..,101229047,529263979.5,43.62424118,364.4437228,-495139173,0.998329582
Nigeria,NGA,181181744,2.640357135,923770,196.1329595,..,5.17E+11,2850,1.07E+12,5880,..,52.985,5.591,111.218,..,..,107.5,19.4,42,..,..,..,2.9,69930,..,..,..,..,4.81E+11,2.652693289,2.863665134,20.63189348,20.1607829,10.66630962,10.66634225,15.49010409,..,9,10.38815134,0.417636538,83.24795074,..,20.66243892,158.7059749,28942968000,0.312523653,..,1071822245,3137318700,13.42044704,2655.157977,-1664714990,9.009387183
Northern Mariana Islands,MNP,54816,0.636874888,460,119.1652174,..,..,..,..,..,..,..,..,..,..,..,..,..,..,..,..,..,..,295,..,..,..,..,933000000,3.773584906,6.399139322,..,..,55.73419078,68.38156484,..,..,..,..,..,..,..,14.14790997,84.83183213,..,..,..,..,..,..,17020.57793,..,..
Norway,NOR,5190239,1.02653332,385178,13.4749103,..,4.83E+11,93050,3.34E+11,64280,9,82.30487805,1.72,5.7708,..,99.1,2.7,..,95,97.96806335,112.985733,0.982529998,0.1,121120,..,5815.807326,..,..,3.87E+11,1.970097786,-2.821783906,1.534131508,30.94127993,37.71758331,32.09207098,27.57164903,45.34853739,4,50.14591003,1.50424997,109.905197,20.51991733,46.60287255,127.6217152,..,..,..,4578256593,6823152644,..,74498.13764,15311649176,2.171136654
Oman,OMN,4199810,5.856170232,309500,13.56966074,..,76217353064,18150,1.75E+11,41600,..,76.801,2.737,8.573,..,..,11.2,..,99,100.502533,103.3129272,1.013100028,..,20,..,..,..,..,68905071521,4.738955823,-18.85780328,1.642802899,54.66861742,51.7905941,43.07428097,36.36068015,..,6,59.6809046,14.38419682,158.2608499,4.125765627,88.43118025,148.8911179,..,..,..,10990897269,-2172431730,..,16406.71162,2507412224,0.065290133
Pakistan,PAK,189380513,2.045407255,796100,237.8853322,24.3,2.72E+11,1430,1.00E+12,5310,8.9,66.322,3.55,38.4744,..,..,79.5,..,75,71.61003113,44.38660812,0.831130028,0.1,14720,..,..,..,..,2.71E+11,4.731147475,4.11024678,23.81706359,19.09099515,10.60441157,17.05026145,15.7070311,..,12,24.42019294,3.414225812,66.4797217,1.557343978,24.35139828,60.23919904,65757391000,1.310244103,..,30000000,1621000000,19.78836122,1428.637628,-1596000000,2.529328173
Palau,PLW,21288,0.915489382,460,46.27826087,..,251022552.6,11790,297997109.7,14000,..,..,2.21,..,..,100,16.3,..,95,..,..,..,..,403,..,..,..,..,293082900,10.13790025,8.366621152,2.78586707,6.687630019,57.57940842,71.24230039,21.08458051,24.90295237,8,..,..,111.5323187,40.67100768,53.46644243,98.3200384,..,..,..,16785283.38,34583158.15,654.3592634,13767.51691,-34583158.15,0.949040644
Panama,PAN,3969249,1.657882556,75420,52.62859984,23,45575810119,11480,77404363903,19500,3.4,77.806,2.541,83.8412,..,95,17.2,..,93,..,75.80210114,1.006860018,0.9,46170,..,..,..,..,54315722500,5.575764718,3.056172441,2.719288692,27.80287991,47.51940914,52.15154838,42.60027122,..,5,24.25505801,0,144.6603375,..,61.62906514,268.3012282,88566149000,5.528802253,..,828900000,5057700000,2.58235248,13684.1308,-3966300000,0.132255449
Papua New Guinea,PNG,7919825,2.09300931,462840,17.11136678,..,22011707134,2780,30780931318,3890,..,65.384,3.707,54.2226,..,..,57.1,..,79,..,..,..,0.9,335590,..,..,..,..,20638636035,5.298986928,-4.403222411,..,..,..,..,..,17.82335719,6,..,0.712357805,44.95048817,..,54.91075079,166.6653776,20493966000,5.582299564,..,279293722.6,203474073.9,74.6721045,2605.945969,-203582439.3,5.995957781
Paraguay,PRY,6639119,1.311979829,406752,16.32227746,26.6,27934179518,4210,57721021034,8690,4.3,73.023,2.509,57.5128,..,96.3,22.4,..,78,..,..,..,0.5,153230,..,..,..,..,27282581336,2.962236311,0.087257732,17.38099824,26.74196865,42.28568084,41.48880923,16.83478338,23.43491705,7,..,1.416797258,111.6411078,5.680592701,68.36735047,108.5700927,16124878000,8.493449754,..,..,529859000,9.064455691,4109.367724,-305720000,3.129002745
Peru,PER,31376671,1.293736852,1285220,24.41346306,21.8,1.93E+11,6160,3.80E+11,12100,4.7,74.747,2.429,49.3358,74.6,91.6,16.2,3.4,92,99.445961,95.74452209,1.000419974,0.3,739730,..,..,..,..,1.90E+11,3.251369628,2.608112339,7.041147351,29.76412115,21.27373917,23.86020549,24.24314073,19.41841514,7,29.77767452,1.725818738,109.1123083,4.695465905,38.08807545,159.0998154,65940554000,2.519037331,..,..,8271633514,10.67130417,6053.112415,-8144268434,3.555396247
Philippines,PHL,101716359,1.599599197,300000,339.05453,21.6,3.58E+11,3520,9.01E+11,8850,..,68.951,2.958,59.211,..,..,29.1,21.5,82,101.3476791,88.33479309,1.008829951,0.1,80400,..,..,..,..,2.93E+11,6.066548903,-0.586573664,10.2601852,30.89632802,28.39572169,34.29428708,21.21435715,15.36244302,16,81.57140294,1.139292372,115.8496776,53.0641174,45.62499738,66.99984292,80622659000,2.236989318,..,153322154.9,5639155962,5.066146735,2878.33837,-99650560.95,0.674192537
Poland,POL,37986412,-0.066641101,312680,121.4865422,17.3,5.07E+11,13340,9.76E+11,25690,..,77.45121951,1.32,13.3568,..,99.8,4.9,..,96,98.75547791,106.6104736,0.98676002,..,94350,..,2490.206419,..,..,4.77E+11,3.844593971,0.756199227,2.202410592,30.27116937,49.52089372,46.4264596,20.46969198,32.53365026,5,28.86099481,2.139534636,142.5242595,8.777098319,82.9099244,100.5032961,..,..,..,2557000000,15065000000,..,12566.48344,-10152000000,-0.874125874
Portugal,PRT,10358076,-0.414141102,92225,112.3131038,..,2.12E+11,20440,2.97E+11,28720,6.7,81.12439024,1.31,10.4192,..,98.9,3.7,..,98,..,118.2315369,0.96687001,0.6,31820,..,2131.681888,..,..,1.99E+11,1.822066826,2.029356949,2.050264308,19.53332485,40.40260963,39.82034698,15.82319981,37.79287797,6,30.00557275,1.787974411,112.4415545,..,61.18805084,106.4898618,..,..,..,235013175.6,2506507992,..,19252.63495,-1325957219,0.487938624
Puerto Rico,PRI,3473177,-1.76079181,8870,391.564487,..,67483816870,19430,88039381572,25350,..,79.59612195,1.3365,39.543,..,..,..,..,..,76.23190308,86.50180817,1.042289972,..,4959.5,..,..,..,..,1.03E+11,-1.112697789,1.813924334,0.828554393,50.30748423,67.27607653,41.91538972,8.517453839,..,6,..,..,87.24088991,..,..,..,..,..,..,..,..,..,29697.16199,..,..
Qatar,QAT,2481539,4.412615624,11610,213.7415159,..,1.88E+11,75660,3.10E+11,124760,..,78.036,1.929,10.4604,..,99.9,8.1,..,99,91.97669983,91.17249298,1.118929982,0.1,0,..,..,..,..,1.65E+11,3.551015687,-22.90181151,0.159687633,58.50224013,56.05586564,36.00030035,38.20355584,..,8,86.58599094,..,150.7318241,3.407507506,67.1647732,605.4191713,..,..,..,12192032967,1070879121,..,66346.52267,2952472527,1.610185208
Romania,ROU,19815481,-0.470733511,238390,83.12211502,25.3,1.89E+11,9530,4.17E+11,21060,5.1,75.01219512,1.58,34.3786,..,95.2,9.2,..,86,93.4379425,90.92643738,0.99040997,0.1,68610,..,..,..,..,1.78E+11,3.973807549,2.585908381,4.185090054,29.9437248,41.01394988,41.6353555,25.16818364,32.01729861,6,..,1.453657819,116.3175572,7.501692836,73.33798853,107.1264856,96448286000,13.64207235,..,526432459.8,4317731472,..,8978.389254,-3287453782,-0.594156437
Russian Federation,RUS,144096870,0.192558642,17098250,8.427580015,13.3,1.72E+12,11760,3.52E+12,24030,6.9,71.16829268,1.75,23.4998,..,..,8.6,..,98,101.217247,104.3972092,0.99040997,1,8149305,..,..,..,..,1.37E+12,-2.828240813,8.351760884,4.127595836,29.77502314,28.60643166,20.5707851,21.87518207,24.38406634,5,28.73703283,4.851342491,157.9618048,13.76032041,39.05566534,138.6684196,4.68E+11,7.554334801,..,19688840000,6852970000,..,9329.290713,15232100000,15.53439599
Rwanda,RWA,11629553,2.474094537,26340,441.5168185,..,8311052792,710,20919812014,1800,..,66.696,3.967,27.8358,53.2,90.7,42,9.3,96,61.83549881,37.35134888,1.024979949,2.8,4800,..,..,..,..,8277613194,8.867977374,0.285735939,28.00754295,16.97751306,14.24273951,38.30459121,26.441227,19.52168012,7,..,0.927577948,75.32206096,12.98356429,37.03108527,171.6742681,2240624000,1.356543424,..,123435386.7,223334652.8,93.32516908,711.7739773,-219881371.5,2.528502842
Samoa,WSM,193759,0.761046961,2840,68.225,..,788531737,4070,1124104139,5800,..,74.77,4.029,25.632,..,..,17.3,..,69,103.3926697,84.93106079,1.04824996,..,1710,..,..,..,..,803985809.2,1.634776026,2.741972395,9.522192041,24.25803333,27.46586096,48.68514815,..,25.30543985,4,..,..,62.19943332,0.371489014,53.42258472,83.04091538,437424000,2.663754112,..,16844591.28,26867532.32,483.6936607,4149.411429,-23161289.48,0.72707706
San Marino,SMR,32960,0.92354772,60,549.3333333,..,..,..,..,..,..,..,..,..,..,..,2.5,..,84,..,..,..,..,0,..,..,..,..,1569258068,0.485436893,1.233950482,..,..,..,..,..,38.92086786,8,..,..,111.1165049,..,..,..,..,..,..,..,..,..,47610.98508,..,0.145686073
Sao Tome and Principe,STP,195553,2.216631309,960,203.7010417,..,330843863.2,1690,611778852.2,3130,..,66.488,4.518,97.6724,..,..,35.1,..,93,..,82.02818298,1.011399984,..,536,..,..,..,..,315520894.9,3.819988535,4.188649065,12.04983763,14.56909665,..,..,..,..,6,..,..,94.58867928,42.25708043,48.54100076,162.8566381,249357000,0.85884786,..,449656.2005,27924059.14,250.3157712,1613.480207,-25269253.02,5.245732849
Saudi Arabia,SAU,31557144,2.504137257,2149690,14.67985803,..,7.51E+11,23810,1.75E+12,55380,..,74.4,2.579,8.823,..,..,8.4,..,98,118.2422791,..,..,..,9770,..,..,..,..,6.54E+11,4.10640887,-16.90852542,2.6193879,45.27244647,33.32117124,38.75382476,35.08346062,..,14,64.35571438,13.49622502,167.3030551,0.774160544,57.80880311,158.5724661,..,..,..,38787368000,8141026667,..,20732.86172,-2751098333,2.177862909
Senegal,SEN,14976994,2.919161773,196710,76.13743074,..,14709258536,980,35533619401,2370,..,66.784,4.84,77.0508,23.3,53.1,49.8,15.5,80,58.65095901,50.19939041,1.065369964,0.5,82730,..,..,..,..,13640668374,6.456907802,0.31434269,14.7722023,20.79364152,29.44312262,46.2593191,25.08192447,23.07228281,4,..,1.578459604,99.88304062,3.617890641,60.16586935,109.6592764,5893172000,2.847774412,..,..,408856548.2,58.69802712,910.7747772,..,0.135211934
Serbia,SRB,7095383,-0.494772574,88360,80.3008488,25.5,39319139259,5540,93732847930,13210,..,75.28780488,1.46,19.7254,..,..,6.3,..,86,101.0108414,96.66960907,1.008820057,0.1,27200,..,..,..,..,37160332465,0.757715153,2.675999693,6.77284978,25.95283682,46.67367451,56.42636501,18.85192705,..,6,..,1.948723254,130.3473823,..,85.01027279,107.0553689,31364245000,12.08281243,..,245053127.1,2345152815,44.03990595,5237.255334,-2000629972,1.39235822
Seychelles,SYC,93419,2.229795053,460,203.0847826,..,1308973316,14010,2323153189,24870,..,74.29512195,2.41,58.6768,..,..,14.5,..,98,122.2222214,92.26354218,1.017040014,..,406.7,..,..,..,..,1375604279,4.937386459,2.089709382,2.045977434,11.82216421,..,..,35.251142,33.95689828,9,..,1.32761888,158.140428,7.205510737,102.1843288,73.70925021,..,..,..,74213584.28,105893597.2,72.57624252,14725.10174,-192959276.4,4.041944107
Sierra Leone,SLE,7237025,2.205467123,72300,100.0971646,..,3979817204,550,9992331550,1380,..,51.423,4.561,118.3336,..,..,122.2,..,78,58.25111008,38.23815155,0.968200028,1.4,30440,..,..,..,..,4218723875,-20.59877072,18.86476336,58.65189371,4.555925675,19.36254453,47.44006727,15.5287737,..,6,..,0.930689008,78.16747904,0.414848243,48.40361636,42.99700123,1378425000,1.258897648,..,6763601.76,252435829.4,130.7622953,582.9362031,-252435829.4,6.693679279
Singapore,SGP,5535002,1.186376937,719,..,..,2.99E+11,54020,4.64E+11,83760,..,82.74390244,1.24,3.7704,..,99.6,2.7,..,95,..,..,..,0.2,163.5,..,..,..,..,3.04E+11,2.241057968,3.586557489,0.031095003,24.24879256,177.3917081,151.6561916,27.1233821,18.2282976,3,210.444135,3.161291959,148.7391202,49.27542568,211.5711739,86.46791123,..,..,..,..,70595384867,..,54940.85814,-39472660157,-0.522752485
Sint Maarten (Dutch part),SXM,38824,2.977647481,34,..,..,..,..,..,..,..,..,..,..,..,..,..,..,..,..,..,..,..,..,..,..,..,..,..,..,..,..,..,..,..,..,..,..,..,..,..,..,..,..,..,..,..,107089385.5,27770949.72,..,..,-27664804.47,..
Slovak Republic,SVK,5423801,0.095033879,49035,110.6108086,..,95339057199,17580,1.57E+11,28990,8.5,76.56341463,1.4,22.2734,..,..,6,..,95,95.98979187,90.96740723,1.004770041,0.1,19400,..,3003.66422,..,..,87501423882,3.850100604,-0.152881088,3.387079187,31.14259663,92.96750552,91.36023534,24.20443467,40.20971009,7,..,1.126793511,122.7277574,10.2880693,169.9247044,92.842373,..,..,..,239900609.9,1519809127,..,16132.86031,-102316226.3,-0.325219777
Slovenia,SVN,2063531,0.075190689,20270,101.80222,..,45897765922,22240,62983738354,30520,9.6,80.77560976,1.57,4.4396,..,..,2.4,..,94,97.51605225,109.77034,1.003260016,0.1,12480,..,3174.872585,..,..,43072415017,2.258902398,0.96729871,2.025707226,28.15652512,76.99218179,68.40445524,19.37065753,39.70463039,4,14.01126451,0.930503005,113.4538083,6.420656782,143.4255521,95.06737562,..,..,..,184096113.1,1729437645,..,20873.16111,-1403818968,-0.525552286
Solomon Islands,SLB,587482,2.059942864,28900,20.32809689,..,1129704811,1920,1305436443,2220,..,70.43,3.907,49.2814,29.3,86.2,21.9,15.5,75,..,..,..,..,21850,..,..,..,..,1154650066,2.542240201,3.080218766,..,..,45.07474364,53.31904828,..,35.0149875,7,..,..,72.29361921,2.799395181,75.02108433,91.89728559,207463000,1.257717457,..,55643035.76,32222728.56,323.4652296,1965.422032,-27508876.56,-0.574469286
Somalia,SOM,13908129,2.881205398,637660,21.81119876,..,..,..,..,..,..,55.876,6.365,104.235,..,..,135.6,..,46,..,..,..,0.1,63630,..,..,..,..,6631336625,..,..,..,..,15.6524111,60.89044353,..,..,9,..,..,41.96107183,..,..,92.62183062,2891647000,0.000484677,..,..,303000000,90.11780089,476.7957376,..,..
South Africa,ZAF,55291225,1.368770441,1219090,45.35450623,..,3.35E+11,6070,7.11E+11,12850,..,61.981,2.485,46.068,..,..,40.3,..,76,83.71096039,102.753891,0.951690018,18.8,92410,..,..,..,..,3.18E+11,1.279538256,5.12138338,2.080835376,26.04272527,30.15604561,31.4441028,20.97967774,31.70561436,7,231.617915,1.099281463,159.1563435,5.88097093,58.56363696,132.9879048,1.38E+11,2.60756705,..,980097838.5,1521139945,25.68707783,5746.681127,3993788901,4.509208278
South Sudan,SSD,11882136,2.999954993,644330,18.44107212,65.6,12162365471,1020,21742610771,1830,..,56.322,4.938,68.4536,..,..,96.4,..,20,..,9.883859634,0.685739994,2.5,71570,..,..,..,..,10906867790,-0.174927114,0.303421242,..,..,21.03316069,28.88948678,14.52658012,..,13,..,8.748453861,24.3979702,..,..,..,..,..,..,145950000,150000,140.9536131,917.9214739,-1180000,52.81465207
Spain,ESP,46444832,-0.077588862,505940,91.7990908,..,1.32E+12,28420,1.61E+12,34740,5.8,82.83170732,1.33,8.758,..,..,3.2,..,96,98.92230225,129.4799194,1.004359961,0.4,184178.7,..,2571.340962,..,..,1.20E+12,3.432253328,0.610875762,2.524634305,21.42698412,32.940061,30.67033457,20.39142665,16.32197467,7,65.72039789,1.267990311,110.0653904,7.146099369,49.63255501,91.56516851,..,..,..,341321439.1,34281361175,..,25789.51955,30905602830,-0.500461321
Sri Lanka,LKA,20966000,0.934429494,65610,319.5549459,..,78729302305,3760,2.41E+11,11500,..,75.088,2.063,15.5636,..,..,9.5,..,99,98.71412659,..,..,0.1,20700,..,..,..,..,80554807486,5.007683305,0.649042285,8.184271461,27.16952619,21.01310319,28.5456934,31.1813887,13.28491383,8,25.82603155,2.55280463,115.3789507,0.836279814,36.59756744,109.7042917,43925209000,4.344864918,..,896280000.2,679655644.2,20.3772775,3842.16386,-626668319.8,3.768367831
St. Kitts and Nevis,KNA,54288,1.016421314,260,208.8,..,838751880.3,15450,1357105205,25000,..,..,..,..,..,..,13.9,..,95,..,..,..,..,110,..,..,..,..,878281518.5,3.976354829,-0.363854343,1.032314746,24.16125666,60.48100413,59.02584766,..,..,7,..,..,134.4846006,..,40.10934906,71.40261055,..,..,..,13907848.66,132141921,..,16178.18889,-132265824.4,-2.30187563
St. Lucia,LCA,177206,0.443971354,620,285.816129,..,1452805642,8200,2203787848,12440,..,75.3,1.471,41.9872,..,..,17.3,..,97,..,88.20584869,..,..,203,..,..,..,..,1649142630,1.963608034,4.218160434,2.056023544,11.18998177,..,..,..,..,5,..,..,105.9450583,..,45.50982956,111.2212266,533526000,4.443319321,..,9992960.558,94735396.71,77.64974098,9306.358868,-75113250.41,-0.984309204
St. Martin (French part),MAF,31754,0.70792281,54.4,583.7132353,..,..,..,..,..,..,79.47073171,1.81,..,..,..,..,..,..,..,..,..,..,10,..,..,..,..,..,..,..,..,..,..,..,..,..,..,..,..,..,..,..,..,..,..,..,..,..,..,..,..,..
St. Vincent and the Grenadines,VCT,109455,0.089574618,390,280.6538462,..,730272243.6,6670,1212596552,11080,..,73.06,1.953,51.2152,..,..,17.4,..,99,98.20456696,106.414238,0.974049985,..,270,..,..,..,..,756666666.7,1.822457378,2.473626291,6.237885463,15.30866911,36.90651003,54.38081253,..,..,7,..,..,103.577726,8.332507808,50.15193833,100.9271453,341293000,4.461318133,..,9723822.622,54479059.56,123.3383582,6913.038844,-47764400.44,-1.73361195
Sudan,SDN,38647803,2.382469096,1879357.5,20.56437,..,77258703649,2000,1.61E+11,4150,..,64.257,4.595,70.399,..,..,67.1,..,87,59.55001068,45.83031845,0.937820017,0.2,192099.4,..,..,..,..,97156119150,4.906045175,17.90375845,31.41855828,2.073172935,8.182226094,10.91857802,16.56004134,..,11,..,2.356516582,72.29002642,..,13.04923057,..,21403615000,0.58981295,..,89390261.94,1728373403,22.36616476,2513.884661,-1728373403,16.90945571
Suriname,SUR,553208,0.959016955,163820,3.376925894,..,4887497542,8830,8653938610,15640,..,71.279,2.396,47.3324,..,80,20.9,..,94,93.21759796,78.52960968,1.130599976,1.3,153320,..,..,..,..,4826587058,-2.597529896,-2.100253687,9.211084834,25.38354254,38.46340428,55.98205082,67.44288703,..,13,..,..,135.6556666,..,76.25471075,128.0460758,..,..,..,32221024.19,183665852.7,28.88606094,8724.723897,-266741456,6.867599244
Eswatini,SWZ,1319011,1.829661753,17360,75.97989631,..,4327390998,3280,11005006414,8340,..,57.107,3.141,80.0864,..,..,57.8,..,89,80.58824158,67.0429306,0.935469985,28.3,5860,..,..,..,..,4020275298,0.391128861,7.554897974,9.590903689,35.73692047,49.63082451,50.10796923,11.44135272,..,12,..,1.687060477,71.34133074,..,79.65973171,111.263345,390848000,0.70216781,..,19330858.64,31498094.37,70.22685937,3047.946756,-32719601.21,4.951244937
Sweden,SWE,9799186,1.057454686,447420,21.90153771,..,5.67E+11,57880,4.75E+11,48510,8.2,82.20487805,1.85,5.3086,..,..,2.9,..,97,103.7707367,140.4372253,1.090989947,..,280730,..,5102.785578,..,..,4.98E+11,4.521969347,2.065616965,1.202635326,21.68186559,45.55123266,40.6895706,24.28523808,32.33543499,3,..,1.081893206,129.4488949,14.25174398,55.94430775,93.65805202,..,..,..,1241876377,8706026819,..,50812.19086,7549654374,-0.046784745
Switzerland,CHE,8282396,1.138337152,41290,200.5908452,..,7.10E+11,85780,5.40E+11,65210,7.8,82.89756098,1.54,3.1946,..,..,4.3,..,94,95.53907013,101.1784668,0.979340017,..,12540,..,2960.073389,..,..,6.79E+11,1.226384359,-0.600769414,0.65085656,25.0697646,62.13828227,50.62987722,23.12573356,17.91079827,6,223.6637259,0.6656936,135.1384876,26.83805522,79.9261549,108.1759047,..,..,..,25861113416,1.16E+11,..,82016.02131,12133813521,-1.143900644
Syrian Arab Republic,SYR,18734987,-2.467846523,185180,101.1717626,..,..,..,..,..,..,69.904,2.966,40.4704,..,..,17.2,..,53,..,..,..,..,4910,..,..,..,..,..,..,..,..,..,..,..,..,..,7,..,..,76.39327959,..,..,151.8938066,4419521000,..,..,..,..,260.9951104,..,..,..
Tajikistan,TJK,8548651,2.198677024,141376,60.46748387,31.3,10606141188,1240,28712309305,3360,7.4,70.879,3.404,37.4176,..,98,35.8,..,97,98.61299133,..,..,0.2,4120,..,..,..,..,7853450374,6,0.124298967,21.9360517,24.39382169,10.50394181,42.2945225,28.87073981,..,4,..,1.219202333,99.30221739,..,55.08661536,83.18670531,5001714000,3.64059772,..,165138264.3,426147890,49.87336598,918.6771543,-426147890,5.714559496
Tanzania,TZA,53879957,3.100829308,947300,56.87739576,..,47714878691,910,1.36E+11,2610,..,64.95,5.079,118.1232,..,..,58.3,13.7,99,..,..,..,4.7,460600,..,..,..,..,45623490992,6.959314247,6.553522732,28.99884708,24.31805239,21.62351804,24.77674679,27.20535088,..,11,..,1.133236064,73.61847004,0.759900485,34.45592535,158.5392046,15504686000,0.714192037,..,103818117.8,1604581620,47.9257992,872.2954949,-1604581620,5.58816953
Thailand,THA,68657600,0.351383332,513120,133.8041784,7.2,3.92E+11,5710,1.06E+12,15400,7.5,75.103,1.498,51.7358,..,..,10.4,..,99,90.63141632,120.6315536,0.952939987,1.2,163990,..,..,..,..,4.01E+11,3.020173993,0.859346507,8.992772027,36.2204733,68.71420084,57.1882956,22.12768205,20.39766415,7,86.89549374,1.448287847,149.9353313,21.44172319,103.8772222,100.3380499,1.30E+11,5.06467368,..,3992370000,8927579181,0.854530307,5846.394608,-3936528344,-0.900424963
Timor-Leste,TLS,1240977,2.295569323,14870,83.45507734,..,3697043153,2980,8835697382,7120,..,68.569,5.618,47.2688,..,..,51.2,..,70,101.4016113,67.9509201,1.014189959,..,6860,..,..,..,..,3104426021,20.88076021,-36.51588898,8.931905131,56.86204375,1.626709726,29.13259952,18.88916006,47.65056182,4,..,1.153501724,110.9342881,..,29.89435064,..,..,..,..,158813100,42995500,171.0668288,2501.598354,-30328700,0.552796026
Togo,TGO,7416802,2.565901122,56790,130.600493,55.1,4528446815,610,11037232243,1490,5,59.949,4.517,90.1494,..,..,77.7,..,85,82.86473846,..,..,2.3,1880,..,..,..,..,4087775415,5.384842189,3.508914425,40.66192797,17.65174562,42.21579426,67.60206715,20.73525919,23.3071125,6,..,1.748239637,65.46225718,0.411953834,81.86656363,117.7532836,1054378000,1.410337834,..,89395655.31,257756356.3,26.91052019,551.1506732,90756741.39,1.783234671
Tonga,TON,106364,0.548680117,750,141.8186667,..,455344303.1,4280,593913669.7,5580,..,72.88,3.678,15.438,..,..,16.7,..,85,..,..,..,..,90,..,..,..,..,435438217.3,3.71184687,1.406846744,17.62203049,16.92471339,17.02143955,64.72329512,..,..,4,..,..,69.09574668,..,52.09028308,104.2630692,173710000,3.500143226,..,31171094.46,12546868.58,643.0747245,4093.849585,-10580486.63,-1.05399832
Trinidad and Tobago,TTO,1360092,0.412512995,5130,265.1251462,..,25619634842,18840,45204437439,33240,..,70.556,1.766,31.976,..,100,27.7,..,89,..,..,..,1.2,2344.8,..,..,..,..,24402499451,1.517162962,-12.06235378,0.446716295,37.03729169,..,..,..,..,7,..,0.779814516,156.1198801,0.125551938,83.09722551,139.374208,..,..,..,289580106.3,176829710.4,..,17941.80059,-65561553.47,4.661215981
Tunisia,TUN,11273661,1.157613914,163610,68.90569647,15.2,44319928429,3930,1.25E+11,11110,..,75.525,2.223,7.6278,..,..,14,..,98,103.1542892,88.1955719,..,0.1,10410,..,..,..,..,43156708809,1.153615837,3.590457333,10.19476423,25.20004441,40.6580971,51.61086843,20.33294927,..,9,20.43543227,2.269650658,129.4688123,6.327421481,79.46376118,110.4672581,27130593000,4.826332662,..,26457656.28,970521888.7,42.09280375,3828.100633,-970521888.7,4.857182282
Turkey,TUR,78271472,1.598008534,785350,99.66444515,1.6,9.40E+11,12000,1.92E+12,24570,5.6,75.498,2.072,28.006,..,..,13.4,..,97,92.45694733,103.0501938,0.980139971,..,117150,..,1656.803375,..,..,8.60E+11,6.085886632,7.826941985,6.903473842,27.90428941,23.34593035,25.95393541,28.36202462,32.43630663,8,21.9658731,1.847938806,94.08186548,2.159703396,40.83211293,98.25700285,3.97E+11,2.572932527,..,850000000,18002000000,27.40743141,10984.8052,-12906000000,7.670853648
Turkmenistan,TKM,5565284,1.795683939,488100,11.40193403,..,39142748553,7030,83651648055,15030,..,67.704,2.931,25.2328,..,..,50.5,3.2,99,..,..,..,..,41270,..,..,..,..,35799628571,6.49999991,-5.153524876,9.300176299,56.96627339,..,..,..,..,..,..,..,140.909251,..,53.07317634,174.6389798,402877000,0.160364907,..,..,3042968465,4.244167953,6432.668768,..,..
Turks and Caicos Islands,TCA,34339,1.762729622,950,36.14631579,..,..,..,..,..,..,..,..,..,..,..,..,..,..,..,..,..,..,344,..,..,..,..,..,..,..,..,..,..,..,..,..,..,..,..,..,..,..,71.43886836,..,..,..,85674000,-83617000,..,..,..,..
Tuvalu,TUV,11001,0.848971277,30,366.7,..,60436903.79,5490,62817008.94,5710,..,..,..,..,..,..,26.6,..,94,112.1827393,95.97914886,1.114949942,..,10,..,..,..,..,35556038.82,9.142911919,4.630682931,16.50809413,7.276346249,..,..,..,..,..,..,..,59.99454595,..,104.2045212,..,..,..,..,..,300000,4513.22607,3232.07334,..,..
Uganda,UGA,40144870,3.321555686,241550,166.1969365,..,26768594170,670,69930681817,1740,..,59.575,5.682,114.5604,34.3,..,55.3,..,80,..,..,..,6.3,20770,..,..,..,..,27102650472,5.187859863,5.004456542,23.9815828,20.0099174,18.44430441,29.22011689,24.61640387,13.85688657,14,..,1.915251901,50.36826125,1.82776969,28.76148961,117.6961974,9925262000,0.368512162,..,278222282.5,737652140.2,40.55810867,675.1211418,-737364516.3,5.594175853
Ukraine,UKR,45154029,-0.260805738,603550,74.81406511,6.4,1.14E+11,2650,3.36E+11,7850,10,71.1895122,1.506,25.4852,..,..,9.4,..,56,..,..,..,0.9,96570,..,..,..,..,91030959455,-9.772973947,38.88165934,12.05937611,21.78855484,52.59767951,54.48398426,15.93331603,35.75839408,5,..,3.973258827,143.9836554,7.268416258,81.48480522,83.58760349,1.21E+11,31.79201587,..,627000000,3050000000,32.09791091,2124.662666,-3012000000,48.69986464
United Arab Emirates,ARE,9154302,0.915608331,83600,109.5012201,..,3.97E+11,43360,6.52E+11,71200,..,77.101,1.765,28.0758,..,99.9,8.7,..,99,105.1860886,..,..,..,3226,..,..,..,..,3.58E+11,5.064701529,-15.44540033,0.740999247,43.90903333,100.8704802,74.35082733,25.67137375,3.530406607,6,56.64348004,..,196.0013991,..,157.342876,286.4445882,..,..,..,..,8550901847,..,39122.04971,..,4.069966084
United Kingdom,GBR,65128861,0.794967909,243610,267.3488814,..,2.85E+12,43720,2.65E+12,40660,7.5,80.95609756,1.8,14.5964,..,..,4.5,..,93,102.2895584,125.4854965,1.017680049,..,31440,..,2763.980058,..,..,2.89E+12,2.345939517,0.456272022,0.592777078,17.84822344,27.38131354,29.09515724,16.97234713,34.89829447,4,..,1.882575236,121.1839932,20.8121556,37.65365918,95.92994261,..,..,..,10702661997,45333483122,..,44305.55463,-1.15E+11,0.050020842
United States,USA,321039839,0.755812955,9831510,32.65417408,..,1.81E+13,56300,1.86E+13,57880,..,78.6902439,1.8435,22.441,..,99.1,6.8,..,92,..,97.18483734,1.00635004,..,3100950,..,6797.620612,..,..,1.81E+13,2.861587025,1.084432578,1.069936278,19.44185591,12.49904391,15.39099398,20.42799748,19.15352784,6,138.336379,3.289633618,119.4973905,18.99152452,21.06911148,96.96738446,..,..,..,61859000000,5.09E+11,..,56443.81724,-1.95E+11,0.118627136
Uruguay,URY,3431552,0.350484325,176220,19.47311315,9.7,54308516999,15830,70433541534,20530,5.6,77.341,2.007,56.0292,79.6,..,8.9,..,96,102.1828613,111.6482391,..,0.6,18450,..,..,..,..,53274304222,0.370741267,9.016280621,6.131441946,25.44175806,22.47785125,22.85038956,19.7053904,30.44955153,5,..,1.820588138,150.5287986,13.84634852,32.22360433,106.1233505,..,..,..,9365614.216,2432624407,6.754961021,15524.84247,-830081398.4,8.666269871
Uzbekistan,UZB,31298900,1.744258375,447400,69.9573089,..,67884609616,2170,1.94E+11,6200,..,71.192,2.491,16.9212,..,100,25.6,..,99,97.90003204,91.57893372,0.986999989,0.2,32199,..,..,..,..,66903804143,7.999999999,9.074861814,16.61404018,31.49906029,19.51832212,21.34721662,23.71090337,25.3031803,4,..,..,70.32310573,..,32.88303301,158.0826283,14854025000,1.857359443,..,..,66489280,14.30753157,2137.576852,..,..
Vanuatu,VUT,264603,2.198184614,12190,21.70656276,..,757188065.6,2860,773293507,2920,..,71.925,3.312,43.0728,..,..,28.2,..,76,..,54.81875992,1.007310033,..,4400,..,..,..,..,737917151.4,-0.801094177,2.484525101,26.60491141,11.38576313,..,..,..,20.73486105,8,..,..,66.068034,..,54.96877247,97.53384473,217233000,0.992477494,..,3331006.951,31021245.77,705.0562541,2788.770919,-29505200.99,2.483268757
"Venezuela, RB",VEN,31155134,1.346707547,912050,34.15945836,33.1,..,..,..,..,..,74.367,2.341,86.3302,..,97.3,22.5,..,92,94.99336243,89.42666626,1.014950037,..,466830,..,..,..,..,..,..,..,..,..,..,..,..,..,20,..,0.941375969,93.3827375,..,..,145.2336571,1.24E+11,..,..,105000000,2956000000,1.174445278,..,-370000000,121.7380853
Vietnam,VNM,93571567,1.103247173,330967,282.7217427,..,1.82E+11,1950,5.25E+11,5610,..,76.052,1.958,30.7942,75.7,..,21.6,14.1,97,103.9991684,..,..,0.4,147730,..,..,..,..,1.93E+11,6.679288789,-0.190788132,16.992212,33.25008073,89.77924864,88.98816608,27.67672773,..,9,26.84555597,2.361155697,128.5903997,..,169.5675266,136.3987809,77827377000,3.612396798,..,55000000,11800000000,33.74272871,2065.169099,-10700000000,0.878603714
Virgin Islands (U.S.),VIR,107710,-0.161414546,350,307.7428571,..,..,..,..,..,..,79.16829268,2.11,44.121,..,..,..,..,..,..,..,..,..,176,..,..,..,..,3765000000,0.194300518,3.689259708,..,..,40.69057105,41.24833997,..,..,..,..,..,..,..,..,..,..,..,..,..,..,..,34954.97168,..,..
West Bank and Gaza,PSE,4422143,2.924690711,6020,734.5752492,..,14435403177,3440,25194750975,5700,..,73.299,4.075,58.065,..,..,21.9,..,..,95.7907486,83.215271,1.059569955,..,91.7,..,..,..,..,12673000000,3.428732213,-3.638982787,3.55164523,18.89450012,18.44945948,59.47762961,21.12680502,5.960567268,10,26.3489308,..,75.72566678,0.83703817,..,85.49354563,..,..,..,32084481.25,104937726.7,423.1455202,2865.805109,-29667905.72,1.431611458
"Yemen, Rep.",YEM,26916207,2.520254045,527970,50.9805614,..,29534452889,1100,69568885991,2580,..,64.743,4.104,63.28,..,..,55.4,..,67,..,..,..,..,5490,..,..,..,..,34602480339,-37.14675128,27.35280351,10.3484434,58.78061419,10.89956638,24.7502766,1.84942239,..,6,..,..,55.8100664,4.695853281,21.88571434,135.6735676,7287189000,0.976980253,..,333389518,-15444808.35,56.89434622,1285.563019,15444808.35,..
Zambia,ZMB,16100587,3.024123253,752610,21.39300169,54.4,25084353572,1560,61168335733,3800,2.9,61.397,5.041,89.1276,..,..,64.9,..,90,..,..,..,12,486350,..,..,..,..,21154394546,2.91988111,6.660245316,4.98082954,33.65772154,37.13845102,42.72670412,42.80506552,18.31001341,7,..,1.785548668,71.78449457,5.268126023,73.3574106,173.1507764,8742426000,2.384503098,..,72104698.87,1582666667,49.50999613,1313.889646,-1724246018,10.11059289
Zimbabwe,ZWE,15777451,2.345642971,390760,40.3763205,..,14001346960,890,28221755180,1790,..,60.398,3.836,107.5554,66.8,78.1,57,8.4,86,..,..,..,14,140620,..,..,..,..,16304667800,1.689594592,0.898071731,10.14307203,21.15958474,23.45934948,46.02279968,12.28744446,..,10,..,2.343629228,80.85849863,2.893651173,44.45532944,108.1530222,8738004000,3.939809597,..,11350439.12,399200000,49.96307705,1033.415841,-399200000,-2.409499988
